a,b,cos,inliers,n_photos,photo_a,photo_b
1015545516,1015916049,0.9999793767929077,1502,5,1015545516/2.jpg,1015545516/2.jpg
1015911995,1015912701,1.0000312328338623,1501,4,1015911995/0.jpg,1015911995/0.jpg
1015352573,1015353286,0.999982476234436,1500,1,1015352573/1.jpg,1015352573/1.jpg
1015528968,1015764925,0.9999790191650391,1500,4,1015528968/1.jpg,1015528968/1.jpg
1015764925,1015916049,0.9997826814651489,1491,5,1015764925/1.jpg,1015916049/1.jpg
1015528968,1015545516,0.9997657537460327,1489,5,1015528968/0.jpg,1015545516/2.jpg
1015528968,1015916049,0.9997657537460327,1489,4,1015528968/0.jpg,1015545516/2.jpg
1015047735,1015807160,0.9973158836364746,1483,2,1015047735/1.jpg,1015807160/0.jpg
1014092162,1015502539,0.9990019202232361,1477,1,1014092162/1.jpg,1015502539/2.jpg
1015791544,1015843703,0.9995540380477905,1457,1,1015791544/0.jpg,1015843703/0.jpg
1013650783,1013651236,0.9928562641143799,1454,1,1013650783/0.jpg,1013651236/0.jpg
1015545516,1015764925,0.9996128082275391,1450,5,1015545516/1.jpg,1015528968/1.jpg
1006829400,1008091276,0.9991706609725952,1423,3,1006829400/0.jpg,1008091276/2.jpg
1015814402,1015814673,0.9995309114456177,1409,4,1015814402/3.jpg,1015814673/1.jpg
1012645719,1013694305,0.9998733401298523,1392,1,1012645719/0.jpg,1013694305/0.jpg
1009917107,1010671457,0.9979945421218872,1380,1,1009917107/0.jpg,1010671457/0.jpg
1015341982,1015342568,0.9997133016586304,1377,4,1015341982/3.jpg,1015342568/3.jpg
1003685700,1004572927,0.9989497065544128,1353,3,1003685700/2.jpg,1004572927/3.jpg
1010060018,1015307263,0.991879940032959,1352,2,1010060018/0.jpg,1015307263/0.jpg
1015352573,1015352741,0.9996669292449951,1335,4,1015352573/1.jpg,1015352741/1.jpg
1015352741,1015353286,0.9996669292449951,1334,1,1015352741/1.jpg,1015352573/1.jpg
1015678136,1015871399,0.9978324770927429,1306,1,1015678136/1.jpg,1015871399/0.jpg
1015778892,1015815803,0.997454047203064,1305,2,1015778892/0.jpg,1015815803/0.jpg
1015155903,1015864243,0.9986529350280762,1259,2,1015155903/2.jpg,1015864243/2.jpg
1015827712,1015876455,0.9993182420730591,1242,1,1015827712/0.jpg,1015876455/0.jpg
1014746814,1015477629,0.9994425773620605,1234,1,1014746814/1.jpg,1015477629/0.jpg
1015706176,1015785867,0.9980354309082031,1222,3,1015706176/0.jpg,1015785867/2.jpg
1015343508,1015657635,0.9963427782058716,1214,2,1015343508/0.jpg,1015657635/0.jpg
1015510473,1015511230,0.9965511560440063,1194,4,1015510473/3.jpg,1015511230/0.jpg
1015796837,1015875183,0.9952839612960815,1181,2,1015796837/2.jpg,1015875183/2.jpg
1015559463,1015738073,0.9960167407989502,1159,7,1015559463/2.jpg,1015738073/0.jpg
1015628566,1015906424,0.9965594410896301,1146,1,1015628566/3.jpg,1015906424/0.jpg
1008543855,760510289,0.9984620809555054,1119,1,1008543855/0.jpg,760510289/0.jpg
1011325920,1015834368,0.9875365495681763,1119,3,1011325920/3.jpg,1015834368/2.jpg
1015789226,1015901163,1.0000141859054565,1105,3,1015789226/1.jpg,1015789226/1.jpg
1001644754,1014680861,0.995533287525177,1105,2,1001644754/0.jpg,1014680861/0.jpg
1015050402,1015098677,0.9961705207824707,1103,4,1015050402/0.jpg,1015098677/2.jpg
1007926125,1014878722,0.9988616704940796,1095,1,1007926125/0.jpg,1014878722/1.jpg
1012475178,1012579205,0.998333752155304,1080,1,1012475178/0.jpg,1012579205/0.jpg
1015779347,1015780091,0.9996100664138794,1078,3,1015779347/2.jpg,1015780091/1.jpg
1013957876,1015781377,0.9992374181747437,1068,3,1013957876/1.jpg,1015781377/1.jpg
1015218767,1015636098,0.9969602823257446,1068,2,1015218767/0.jpg,1015636098/3.jpg
1015267213,1015360728,0.9739221334457397,1060,3,1015267213/1.jpg,1015360728/1.jpg
1015922702,1015922715,0.9995241165161133,1058,5,1015922702/3.jpg,1015922715/3.jpg
1000854673,1015860324,0.9987264275550842,1051,1,1000854673/0.jpg,1015860324/0.jpg
1015172226,1015286587,0.9885975122451782,1051,3,1015172226/3.jpg,1015286587/3.jpg
1015031221,1015786592,0.9717073440551758,1051,2,1015031221/1.jpg,1015786592/0.jpg
1015551529,1015924435,0.9955216646194458,1048,1,1015551529/1.jpg,1015924435/2.jpg
1002097114,1015381524,0.9628350734710693,1046,1,1002097114/0.jpg,1015381524/3.jpg
1014690173,1015340034,0.989209771156311,1042,4,1014690173/2.jpg,1015340034/2.jpg
1014592218,1015847481,0.993040919303894,1036,3,1014592218/2.jpg,1015847481/2.jpg
761494283,762279454,0.9929020404815674,1031,1,761494283/0.jpg,762279454/0.jpg
760072586,760190728,0.9873047471046448,1030,2,760072586/0.jpg,760190728/0.jpg
1013718985,1014217396,0.9973790645599365,1023,2,1013718985/0.jpg,1014217396/1.jpg
1015823333,1015895361,0.9975795149803162,1007,1,1015823333/1.jpg,1015895361/0.jpg
1014736079,1015882515,0.9744146466255188,996,3,1014736079/1.jpg,1015882515/2.jpg
1007902174,1013425663,0.9953011274337769,995,1,1007902174/0.jpg,1013425663/2.jpg
1015789805,1015908340,0.9981378316879272,994,3,1015789805/0.jpg,1015908340/2.jpg
1015663719,1015663985,0.9992431998252869,990,1,1015663719/1.jpg,1015663985/1.jpg
1015865250,762129480,0.997687578201294,986,3,1015865250/0.jpg,762129480/3.jpg
1010404066,1010408057,0.9980772733688354,976,2,1010404066/3.jpg,1010408057/0.jpg
1015798224,1015865959,0.9964996576309204,968,2,1015798224/0.jpg,1015865959/2.jpg
1015275128,1015310935,0.996517539024353,956,2,1015275128/0.jpg,1015310935/2.jpg
1015201365,1015481683,0.9964437484741211,944,2,1015201365/1.jpg,1015481683/3.jpg
1015666055,1015926439,0.9726495742797852,935,4,1015666055/1.jpg,1015926439/0.jpg
1005985829,761713734,0.9952385425567627,932,1,1005985829/0.jpg,761713734/0.jpg
1010459550,1015494587,0.9635252952575684,926,1,1010459550/0.jpg,1015494587/1.jpg
1015548163,1015780866,0.9669931530952454,924,1,1015548163/3.jpg,1015780866/0.jpg
1015767377,1015900800,0.9582540392875671,917,1,1015767377/2.jpg,1015900800/2.jpg
1008772173,1015690306,0.995633602142334,916,2,1008772173/0.jpg,1015690306/2.jpg
1015873297,1015878787,0.9996830224990845,913,4,1015873297/0.jpg,1015878787/0.jpg
1008772807,1015689515,0.9976311922073364,912,3,1008772807/0.jpg,1015689515/3.jpg
1000663020,1015879869,0.985893189907074,905,1,1000663020/3.jpg,1015879869/0.jpg
1015778744,1015845786,0.9919717311859131,883,2,1015778744/0.jpg,1015845786/2.jpg
1013815558,686093977,0.9974644780158997,874,2,1013815558/0.jpg,686093977/0.jpg
660762395,684477747,0.9909050464630127,854,2,660762395/1.jpg,684477747/1.jpg
1015443835,1015458472,0.9958860874176025,851,1,1015443835/0.jpg,1015458472/0.jpg
1009842436,1015790271,0.908673882484436,841,1,1009842436/2.jpg,1015790271/0.jpg
1014435969,1015737045,0.9947834014892578,838,1,1014435969/0.jpg,1015737045/0.jpg
1015350218,1015350435,0.9992166757583618,826,2,1015350218/1.jpg,1015350435/2.jpg
1002341091,1015758893,0.9761527180671692,821,1,1002341091/0.jpg,1015758893/2.jpg
1011695424,680542020,0.9972802996635437,816,3,1011695424/3.jpg,680542020/1.jpg
1014327490,1015162089,0.9901683926582336,811,1,1014327490/2.jpg,1015162089/3.jpg
1015497598,1015799486,0.9996684789657593,809,3,1015497598/1.jpg,1015799486/1.jpg
1015690275,694171229,0.9966146349906921,806,1,1015690275/0.jpg,694171229/0.jpg
1015636098,686636822,0.976093053817749,803,1,1015636098/2.jpg,686636822/2.jpg
1015549105,1015726859,0.9999980330467224,793,4,1015726859/0.jpg,1015726859/0.jpg
1015793040,1015894590,0.9996800422668457,788,4,1015793040/2.jpg,1015894590/0.jpg
1015677852,1015865347,0.998281717300415,786,2,1015677852/3.jpg,1015865347/2.jpg
1002179084,1015076332,0.9990963935852051,781,2,1002179084/0.jpg,1015076332/3.jpg
1015701537,1015867185,0.9996925592422485,770,3,1015701537/2.jpg,1015867185/2.jpg
1014665937,1015031221,0.994958758354187,769,2,1014665937/1.jpg,1015031221/1.jpg
760190728,760192070,0.9995280504226685,768,5,760190728/1.jpg,760192070/2.jpg
1008723726,1015689659,0.9991785287857056,767,2,1008723726/3.jpg,1015689659/2.jpg
1011482353,696463232,0.994820237159729,766,1,1011482353/0.jpg,696463232/0.jpg
1014734944,1014736657,0.9972327947616577,765,4,1014734944/0.jpg,1014736657/0.jpg
1014951491,1015108467,0.9961774349212646,761,4,1014951491/2.jpg,1015108467/0.jpg
1015255774,1015255779,0.9992457628250122,740,3,1015255774/1.jpg,1015255779/2.jpg
1015549105,1015620179,0.9998419880867004,733,4,1015726859/0.jpg,1015620179/2.jpg
1015557966,1015620179,0.999822735786438,733,4,1015557966/2.jpg,1015620179/2.jpg
1015557966,1015726859,0.9997540712356567,732,5,1015557966/2.jpg,1015726859/0.jpg
1015554014,1015682862,0.9986343383789062,732,1,1015554014/1.jpg,1015682862/2.jpg
692982848,694071133,0.99998539686203,731,3,694071133/2.jpg,694071133/2.jpg
1015549105,1015557966,0.9997540712356567,731,4,1015726859/0.jpg,1015557966/2.jpg
1006333204,1015205911,0.9343119859695435,727,1,1006333204/0.jpg,1015205911/0.jpg
1015598235,1015698879,0.9983103275299072,721,2,1015598235/0.jpg,1015698879/1.jpg
1015336036,1015461905,0.9883097410202026,719,1,1015336036/2.jpg,1015461905/1.jpg
1015640876,1015818981,0.977271318435669,717,2,1015640876/3.jpg,1015818981/3.jpg
1015887029,1015899735,0.9970639944076538,715,3,1015887029/0.jpg,1015899735/1.jpg
1015232622,1015691586,0.9960976839065552,709,1,1015232622/0.jpg,1015691586/3.jpg
1002782644,1003491560,0.9781047105789185,709,2,1002782644/0.jpg,1003491560/0.jpg
1014753960,1015448673,0.9979388117790222,703,5,1014753960/3.jpg,1015448673/0.jpg
1015361851,1015362489,0.9977298974990845,702,2,1015361851/1.jpg,1015362489/1.jpg
1003212894,1010213238,0.9960042238235474,695,1,1003212894/0.jpg,1010213238/0.jpg
1015733947,1015734693,0.9968709945678711,690,2,1015733947/0.jpg,1015734693/2.jpg
1012725616,1015298400,0.9988858103752136,688,3,1012725616/3.jpg,1015298400/3.jpg
1015378190,1015922604,0.9908402562141418,686,2,1015378190/0.jpg,1015922604/3.jpg
1011452632,1012292551,0.997873067855835,682,3,1011452632/0.jpg,1012292551/2.jpg
1012659416,1014303782,0.9878779649734497,668,1,1012659416/2.jpg,1014303782/3.jpg
1015802180,673956346,0.9887468814849854,665,3,1015802180/1.jpg,673956346/2.jpg
1015003295,696714020,0.9661338329315186,665,1,1015003295/0.jpg,696714020/0.jpg
1012218716,1012218826,0.9988623857498169,653,4,1012218716/1.jpg,1012218826/1.jpg
1014999843,1015168426,0.9935272932052612,646,3,1014999843/0.jpg,1015168426/0.jpg
1015739705,761329948,0.9877890348434448,641,1,1015739705/3.jpg,761329948/3.jpg
1001255308,1015837496,0.9870078563690186,641,1,1001255308/1.jpg,1015837496/2.jpg
1014212275,1014217396,0.9959667325019836,640,2,1014212275/0.jpg,1014217396/2.jpg
1015269016,1015270146,0.9954109191894531,636,3,1015269016/2.jpg,1015270146/1.jpg
1006334352,1006423574,0.9990288019180298,632,2,1006334352/0.jpg,1006423574/0.jpg
1010804334,1013825679,0.9993970394134521,620,4,1010804334/0.jpg,1013825679/0.jpg
1015594890,1015594896,0.9956738352775574,610,4,1015594890/2.jpg,1015594896/1.jpg
1015212880,1015768272,0.9890265464782715,609,2,1015212880/0.jpg,1015768272/0.jpg
1014298959,1014689584,0.9663348197937012,608,2,1014298959/1.jpg,1014689584/1.jpg
1012500981,1013424803,0.9978194236755371,605,5,1012500981/1.jpg,1013424803/2.jpg
1014746814,1015827896,0.987372875213623,602,1,1014746814/0.jpg,1015827896/0.jpg
1014193846,1014382781,0.9973746538162231,595,1,1014193846/0.jpg,1014382781/3.jpg
1014899904,1015207731,0.9886119365692139,595,1,1014899904/2.jpg,1015207731/0.jpg
1015793186,1015906714,0.9934079647064209,594,2,1015793186/3.jpg,1015906714/2.jpg
1015806638,1015905522,0.9971319437026978,593,2,1015806638/1.jpg,1015905522/2.jpg
1013658417,1015736535,0.9744833707809448,593,3,1013658417/0.jpg,1015736535/0.jpg
1014840289,1015282535,0.9993882179260254,584,3,1014840289/3.jpg,1015282535/3.jpg
1015901917,672172256,0.9591845273971558,575,1,1015901917/2.jpg,672172256/0.jpg
1015907319,1015921796,0.9166668057441711,575,1,1015907319/2.jpg,1015921796/2.jpg
1014968568,1015259296,0.962742030620575,573,1,1014968568/1.jpg,1015259296/3.jpg
1015753315,1015867185,0.9989499449729919,569,3,1015753315/2.jpg,1015867185/2.jpg
1015909243,1015914536,0.9974753260612488,568,3,1015909243/0.jpg,1015914536/3.jpg
1015805918,1015913698,0.9993581771850586,567,2,1015805918/1.jpg,1015913698/2.jpg
1011035753,1014482550,0.9971730709075928,556,4,1011035753/3.jpg,1014482550/3.jpg
1014487043,1015855815,0.9953869581222534,544,2,1014487043/0.jpg,1015855815/0.jpg
1015581830,1015913698,0.9899420738220215,543,3,1015581830/2.jpg,1015913698/2.jpg
1010152757,1010974256,0.9994169473648071,542,1,1010152757/0.jpg,1010974256/0.jpg
1015771209,1015775604,0.9835879802703857,542,1,1015771209/3.jpg,1015775604/0.jpg
1015294291,1015367428,0.9825336933135986,542,2,1015294291/2.jpg,1015367428/2.jpg
1006639429,1009981625,0.9983356595039368,538,4,1006639429/2.jpg,1009981625/2.jpg
1015800433,1015804947,0.9995350241661072,534,4,1015800433/3.jpg,1015804947/3.jpg
1005017315,1015751597,0.9904429912567139,533,3,1005017315/0.jpg,1015751597/0.jpg
1015581830,1015805918,0.9893243312835693,529,2,1015581830/2.jpg,1015805918/1.jpg
1003621552,1014951491,0.9967254400253296,526,2,1003621552/3.jpg,1014951491/3.jpg
1003621552,1015108467,0.9946229457855225,524,2,1003621552/3.jpg,1015108467/1.jpg
1003776912,1003806678,0.9801619648933411,523,3,1003776912/3.jpg,1003806678/1.jpg
1015115279,1015315268,0.9986555576324463,519,2,1015115279/3.jpg,1015315268/2.jpg
1015626379,1015762706,0.9908109903335571,519,1,1015626379/0.jpg,1015762706/0.jpg
1015353286,1015353415,0.9980360269546509,518,2,1015353286/3.jpg,1015353415/3.jpg
1011531430,1015546815,0.9921202659606934,518,1,1011531430/2.jpg,1015546815/1.jpg
1015303120,1015446228,0.996603786945343,517,6,1015303120/0.jpg,1015446228/0.jpg
1015397008,1015908620,0.9983468651771545,515,3,1015397008/0.jpg,1015908620/2.jpg
1015495009,1015763370,0.9979594945907593,511,1,1015495009/0.jpg,1015763370/1.jpg
1015628566,1015632041,0.9985213279724121,510,3,1015628566/2.jpg,1015632041/0.jpg
1015801188,1015807067,1.0000238418579102,506,4,1015807067/0.jpg,1015807067/0.jpg
1015817217,1015844183,0.9935663938522339,500,1,1015817217/2.jpg,1015844183/0.jpg
1015798518,1015824093,0.9971300959587097,498,1,1015663208/4.jpg,1015824093/2.jpg
1001270229,1015151299,0.9852578639984131,498,2,1001270229/2.jpg,1015151299/1.jpg
1015663208,1015798518,0.9995825886726379,497,4,1015663208/3.jpg,1015798518/2.jpg
1015791428,1015883009,0.9958712458610535,495,2,1015791428/2.jpg,1015883009/2.jpg
1015793261,1015793764,1.0000042915344238,492,2,1015793261/1.jpg,1015793261/1.jpg
1015817210,1015817217,0.9997515678405762,490,1,1015817210/3.jpg,1015817217/0.jpg
1015799240,1015805115,0.9999840259552002,488,4,1015799240/3.jpg,1015805115/3.jpg
1015701537,1015753315,0.9989778995513916,483,3,1015701537/0.jpg,1015753315/1.jpg
1015730986,1015733709,0.9988803267478943,482,4,1015730986/1.jpg,1015733709/1.jpg
1015340408,1015406673,0.9993095397949219,480,4,1015340408/2.jpg,1015406673/2.jpg
1015589949,1015896956,0.9995551109313965,479,2,1015589949/2.jpg,1015896956/3.jpg
1015599305,1015701537,0.9990658760070801,478,3,1015599305/1.jpg,1015701537/3.jpg
1015766658,1015911072,1.000000238418579,476,6,1015766658/2.jpg,1015766658/2.jpg
1014564972,1015226370,0.994428277015686,474,3,1014564972/2.jpg,1015226370/1.jpg
1015632041,1015906424,0.9980112314224243,472,2,1015632041/2.jpg,1015906424/3.jpg
1009378775,1010967560,0.9875369668006897,471,4,1009378775/1.jpg,1010967560/2.jpg
1015765157,1015766952,0.9998559951782227,468,3,1015765157/2.jpg,1015766952/2.jpg
1015807119,1015807123,1.0000125169754028,466,2,1015807119/0.jpg,1015807119/0.jpg
1015467665,1015473913,0.9984117746353149,459,2,1015467665/1.jpg,1015473913/0.jpg
1015568167,1015705534,0.9975316524505615,456,4,1015568167/2.jpg,1015705534/3.jpg
1014056017,1015815433,0.9959763288497925,453,5,1014056017/1.jpg,1015815433/3.jpg
1011085335,1015744981,0.9580444097518921,452,1,1011085335/3.jpg,1015744981/0.jpg
1013925401,1014723097,0.9988186359405518,446,6,1013925401/2.jpg,1014723097/3.jpg
1015620179,1015726859,1.0000072717666626,444,4,1015620179/1.jpg,1015620179/1.jpg
1015652083,1015883846,1.000002145767212,442,4,1015652083/3.jpg,1015652083/3.jpg
1015269341,1015312926,0.9550483822822571,441,2,1015269341/2.jpg,1015312926/2.jpg
1015745871,1015800544,0.9986411333084106,439,3,1015745871/2.jpg,1015800544/3.jpg
1015832377,1015844183,0.9931987524032593,439,2,1015832377/2.jpg,1015844183/1.jpg
1015828897,691280566,0.9357595443725586,438,1,1015828897/1.jpg,691280566/0.jpg
1015756823,1015914190,0.9982700347900391,435,4,1015756823/0.jpg,1015914190/0.jpg
1015781411,1015787623,0.9973911046981812,434,1,1015781411/1.jpg,1015787623/3.jpg
1015404804,1015839777,0.9202389717102051,433,1,1015404804/0.jpg,1015839777/0.jpg
1015458488,1015473913,0.997793972492218,430,2,1015458488/2.jpg,1015473913/0.jpg
1015630392,1015854430,0.986135721206665,429,2,1015630392/0.jpg,1015854430/0.jpg
1011809878,1013595061,0.9996109008789062,428,1,1011809878/2.jpg,1013595061/3.jpg
1015814690,1015832377,0.9922051429748535,427,2,1015814690/0.jpg,1015832377/2.jpg
1015756671,1015766952,0.9970744848251343,423,3,1015756671/0.jpg,1015766952/0.jpg
1009555474,681930352,0.9948248863220215,416,1,1009555474/0.jpg,681930352/0.jpg
1015762608,1015766952,0.9990519881248474,414,1,1015762608/2.jpg,1015766952/2.jpg
1015505670,1015804947,0.9989458322525024,414,4,1015505670/3.jpg,1015804947/3.jpg
1007926125,1015147333,0.9904966354370117,413,1,1007926125/0.jpg,1015147333/0.jpg
1015747778,1015876111,0.9931154251098633,411,1,1015747778/2.jpg,1015876111/0.jpg
1015375501,1015646497,0.9889023303985596,409,3,1015375501/0.jpg,1015646497/0.jpg
1015105085,1015402143,0.9949034452438354,408,1,1015105085/2.jpg,1015402143/3.jpg
1014878722,1015147333,0.9897010326385498,407,1,1014878722/1.jpg,1015147333/0.jpg
1015505670,1015800433,0.9988454580307007,406,4,1015505670/3.jpg,1015800433/3.jpg
1011820048,1011820564,0.999197781085968,405,2,1011820048/1.jpg,1011820564/2.jpg
1015918634,1015921796,0.9995165467262268,403,2,1015918634/3.jpg,1015921796/3.jpg
1015578580,1015664038,0.9449710845947266,403,1,1015578580/2.jpg,1015664038/0.jpg
1012248105,1015527501,0.9321804642677307,403,2,1012248105/1.jpg,1015527501/0.jpg
1015817217,1015832377,0.9990147948265076,402,1,1015817217/0.jpg,1015832377/1.jpg
1011477958,1012174292,0.9991978406906128,400,2,1011477958/0.jpg,1012174292/0.jpg
1015817210,1015832377,0.9988917112350464,400,1,1015817210/3.jpg,1015832377/1.jpg
1013466451,1015422796,0.996963620185852,399,2,1013466451/0.jpg,1015422796/2.jpg
1015293099,1015438672,0.9963290691375732,397,3,1015293099/2.jpg,1015438672/2.jpg
1015625132,1015727747,0.9969989061355591,393,2,1015625132/3.jpg,1015727747/1.jpg
1015293887,1015576494,1.0000025033950806,389,3,1015293887/1.jpg,1015293887/1.jpg
1010072125,1013686331,0.9772785902023315,388,1,1010072125/0.jpg,1013686331/0.jpg
1001825039,1004452930,0.9491602182388306,388,1,1001825039/0.jpg,1004452930/0.jpg
1013306879,1013671358,0.9981069564819336,386,2,1013306879/3.jpg,1013671358/3.jpg
1013537791,1013909878,0.9276902675628662,384,1,1013537791/2.jpg,1013909878/0.jpg
1015797342,1015801188,0.9971673488616943,381,3,1015797342/1.jpg,1015801188/0.jpg
1015599305,1015867185,0.9982286691665649,380,2,1015599305/2.jpg,1015867185/1.jpg
1015762608,1015765157,0.998873770236969,374,2,1015762608/2.jpg,1015765157/2.jpg
1015111907,1015282466,0.9981767535209656,372,4,1015111907/3.jpg,1015282466/2.jpg
1015241378,1015727995,0.9958281517028809,372,2,1015241378/0.jpg,1015727995/3.jpg
1010973691,1010974256,0.9977445602416992,369,1,1010973691/0.jpg,1010974256/0.jpg
1015756671,1015765157,0.99700927734375,369,3,1015756671/0.jpg,1015765157/0.jpg
1015756671,1015762608,0.9964146018028259,369,2,1015756671/2.jpg,1015762608/3.jpg
1015599305,1015753315,0.9976855516433716,366,3,1015599305/2.jpg,1015753315/1.jpg
1010152757,1010973691,0.997219979763031,363,1,1010152757/0.jpg,1010973691/0.jpg
1015389398,694876548,0.9766402244567871,363,3,1015389398/2.jpg,694876548/0.jpg
1011550767,1015677631,0.9721680283546448,363,1,1011550767/1.jpg,1015677631/2.jpg
1015404244,1015847702,0.9746017456054688,361,1,1015404244/2.jpg,1015847702/1.jpg
1015814690,1015844183,0.9991163611412048,359,2,1015814690/2.jpg,1015844183/3.jpg
1015576622,1015578580,0.9016169309616089,359,1,1015576622/1.jpg,1015578580/1.jpg
1010965954,1015414861,0.997937798500061,356,3,1010965954/1.jpg,1015414861/2.jpg
1006345974,1015909076,0.9919207096099854,353,6,1006345974/0.jpg,1015909076/0.jpg
1015813047,1015814690,0.99693363904953,344,1,1015813047/3.jpg,1015814690/3.jpg
1015764758,1015902485,0.9996210932731628,342,3,1015764758/3.jpg,1015902485/3.jpg
1015568596,1015759894,0.994596540927887,342,2,1015568596/0.jpg,1015759894/1.jpg
1015797342,1015807067,0.9966062307357788,339,3,1015797342/1.jpg,1015807067/2.jpg
1015504683,1015797277,0.9889717102050781,339,3,1015504683/2.jpg,1015797277/3.jpg
1015485195,1015886890,0.9821903109550476,338,1,1015485195/2.jpg,1015886890/3.jpg
1010264310,1010264393,0.9994792938232422,336,3,1010264310/2.jpg,1010264393/0.jpg
1015477629,1015827896,0.975105881690979,333,1,1015477629/1.jpg,1015827896/3.jpg
1015399198,1015573714,0.9700220227241516,333,1,1015399198/1.jpg,1015573714/2.jpg
1007102091,1010466478,0.9497222900390625,329,1,1007102091/0.jpg,1010466478/2.jpg
1015766458,1015770301,0.9995666742324829,324,2,1015766458/1.jpg,1015770301/1.jpg
1005092019,1015927835,0.982127845287323,323,1,1005092019/0.jpg,1015927835/0.jpg
1015799240,1015833426,0.9669069051742554,322,1,1015799240/0.jpg,1015833426/2.jpg
1015805115,1015833426,0.9616979360580444,321,1,1015805115/0.jpg,1015833426/2.jpg
1015526987,1015797277,0.9982668161392212,319,1,1015526987/3.jpg,1015797277/3.jpg
1015771498,1015833426,0.972349226474762,319,1,1015771498/0.jpg,1015833426/0.jpg
1015504683,1015526987,0.9883093237876892,318,1,1015504683/2.jpg,1015526987/3.jpg
1015636132,1015914412,0.9634174108505249,318,2,1015636132/0.jpg,1015914412/0.jpg
1015814690,1015817210,0.9977383613586426,317,2,1015814690/1.jpg,1015817210/0.jpg
1000654094,1015389398,0.9895967245101929,317,6,1000654094/1.jpg,1015389398/2.jpg
1015797342,1015821290,0.9973825216293335,316,2,1015797342/0.jpg,1015821290/0.jpg
1015773979,1015833426,0.9734291434288025,316,1,1015773979/0.jpg,1015833426/0.jpg
1011245604,1015676068,0.9972450733184814,311,2,1011245604/0.jpg,1015676068/0.jpg
1015801188,1015821290,0.9955430030822754,309,1,1015807067/0.jpg,1015821290/0.jpg
1015807067,1015821290,0.9955430030822754,309,2,1015807067/0.jpg,1015821290/0.jpg
1015826930,1015903736,0.9984241127967834,301,3,1015826930/2.jpg,1015903736/2.jpg
1014170060,1015635002,0.9857443571090698,301,1,1014170060/0.jpg,1015635002/0.jpg
1015813047,1015832377,0.9958128333091736,296,2,1015813047/0.jpg,1015832377/1.jpg
1015813047,1015817210,0.9956953525543213,294,2,1015813047/0.jpg,1015817210/3.jpg
1015813047,1015817217,0.9954580664634705,294,2,1015813047/0.jpg,1015817217/0.jpg
1015892810,695496603,0.9539051055908203,294,1,1015892810/0.jpg,695496603/0.jpg
1000654094,694876548,0.979512095451355,291,3,1000654094/1.jpg,694876548/0.jpg
1015770269,1015899660,0.9759129881858826,288,4,1015770269/2.jpg,1015899660/0.jpg
1015458488,1015467665,0.9997726678848267,286,4,1015458488/0.jpg,1015467665/3.jpg
1015633602,1015776655,0.977715790271759,283,2,1015633602/0.jpg,1015776655/0.jpg
1015576622,1015664038,0.9324593544006348,282,2,1015576622/1.jpg,1015664038/2.jpg
1005574246,1015919481,0.9491356611251831,279,2,1005574246/0.jpg,1015919481/2.jpg
1012894737,1015589790,0.9797263741493225,278,1,1012894737/0.jpg,1015589790/0.jpg
1015332650,1015502634,0.9956386089324951,276,2,1015332650/2.jpg,1015502634/1.jpg
1015059385,1015766646,0.9983612895011902,272,2,1015059385/2.jpg,1015766646/2.jpg
1015797342,1015797939,0.9945771098136902,272,2,1015797342/3.jpg,1015797939/1.jpg
1013928268,760921707,0.995408296585083,271,2,1013928268/2.jpg,760921707/3.jpg
1015726869,1015861773,0.9967988133430481,269,2,1015726869/0.jpg,1015861773/3.jpg
1014733104,1015442365,0.9942283630371094,268,1,1014733104/0.jpg,1015442365/2.jpg
1015436806,1015549231,0.9990192651748657,263,4,1015436806/3.jpg,1015549231/2.jpg
1015797939,1015821290,0.9987097978591919,263,2,1015797939/2.jpg,1015821290/1.jpg
1015548867,1015613531,0.970260500907898,263,1,1015548867/0.jpg,1015613531/3.jpg
1015771498,1015805115,0.9995135068893433,262,3,1015771498/2.jpg,1015805115/2.jpg
1014689584,1015603495,0.9450677633285522,260,1,1014689584/1.jpg,1015603495/1.jpg
1015813047,1015844183,0.9974485039710999,255,1,1015813047/1.jpg,1015844183/2.jpg
1013885647,1014856300,0.9712151885032654,250,1,1013885647/0.jpg,1014856300/0.jpg
1014426072,1015690232,0.9871457815170288,244,2,1014426072/3.jpg,1015690232/3.jpg
1015817210,1015844183,0.9965541362762451,243,1,1015817210/1.jpg,1015844183/3.jpg
1015133662,1015652857,0.9147374033927917,238,1,1015133662/0.jpg,1015652857/1.jpg
1014298959,1015603495,0.9195757508277893,237,1,1014298959/1.jpg,1015603495/1.jpg
1015566723,1015741990,0.8973084688186646,234,1,1015566723/3.jpg,1015741990/3.jpg
1015715546,1015752660,0.998989462852478,230,2,1015715546/3.jpg,1015752660/2.jpg
1015796764,760183100,0.9911874532699585,230,2,1015796764/1.jpg,760183100/1.jpg
1015701860,1015887651,0.994207501411438,229,1,1015701860/1.jpg,1015887651/0.jpg
1015773979,1015805115,0.9988757371902466,228,3,1015773979/2.jpg,1015805115/2.jpg
1015256389,691258171,0.9956117868423462,226,2,1015256389/2.jpg,691258171/2.jpg
1015771498,1015799240,0.9991493225097656,224,3,1015771498/2.jpg,1015799240/2.jpg
1015773979,1015799240,0.998896598815918,224,3,1015773979/2.jpg,1015799240/2.jpg
1015589949,1015927284,0.9391864538192749,221,1,1015589949/3.jpg,1015927284/2.jpg
1015771498,1015773979,0.9990606307983398,220,4,1015771498/2.jpg,1015773979/2.jpg
1015704278,1015759885,0.998609721660614,220,2,1015704278/0.jpg,1015759885/1.jpg
1015272979,1015664866,0.9986339807510376,219,3,1015272979/0.jpg,1015664866/0.jpg
1015845703,1015847667,0.9961087703704834,219,2,1015845703/2.jpg,1015847667/0.jpg
1015643249,1015866276,0.9987901449203491,213,2,1015643249/3.jpg,1015866276/1.jpg
1014665937,761080921,0.9977177381515503,213,1,1014665937/2.jpg,761080921/0.jpg
1010186638,1011938817,1.0000245571136475,212,5,1011938817/2.jpg,1011938817/2.jpg
1015020578,1015838304,0.9189788103103638,207,1,1015020578/2.jpg,1015838304/1.jpg
685080672,686329196,0.9859703779220581,197,1,694219913/13.jpg,686329196/3.jpg
1015714564,1015885751,0.9836456775665283,197,3,1015714564/1.jpg,1015885751/2.jpg
1015250418,1015792098,0.978436291217804,195,3,1015250418/1.jpg,1015792098/1.jpg
1015270453,673956346,0.9426290392875671,190,1,1015270453/1.jpg,673956346/3.jpg
1015820043,1015847191,0.9993301630020142,185,3,1015820043/0.jpg,1015847191/0.jpg
1014665937,1015786592,0.9841490983963013,176,1,1014665937/2.jpg,1015786592/3.jpg
1014402993,1014536959,0.9495099782943726,175,3,1014402993/0.jpg,1014536959/0.jpg
693137867,694071133,0.9373263120651245,173,1,693137867/2.jpg,694071133/3.jpg
1012018156,1015553737,0.9989339113235474,172,2,1012018156/2.jpg,1015553737/0.jpg
1015270453,1015802180,0.9567908048629761,171,2,1015270453/1.jpg,1015802180/2.jpg
1015786592,761080921,0.9843677282333374,169,1,1015786592/3.jpg,761080921/0.jpg
1011900138,1015427457,0.9899915456771851,161,1,1011900138/3.jpg,1015427457/2.jpg
1015073105,1015566650,0.9986223578453064,155,3,1015073105/3.jpg,1015566650/1.jpg
1015839156,1015920272,0.9852244853973389,147,5,1015839156/2.jpg,1015920272/3.jpg
1014836847,1015629154,0.9241818189620972,139,2,1014836847/3.jpg,1015629154/0.jpg
1015704278,1015718986,0.9947783350944519,137,1,1015704278/2.jpg,1015718986/0.jpg
1015718986,1015759885,0.9979338645935059,136,2,1015718986/0.jpg,1015759885/3.jpg
1015267119,1015426707,0.9967201948165894,136,2,1015267119/2.jpg,1015426707/2.jpg
1014800718,1015834793,0.9958670139312744,136,3,1014800718/0.jpg,1015834793/2.jpg
1015663208,1015824093,0.8847665786743164,136,1,1015663208/3.jpg,1015824093/2.jpg
1012394830,696607596,0.9227603077888489,123,1,1012394830/0.jpg,696607596/0.jpg
1015640876,1015915548,0.940162181854248,121,2,1015640876/2.jpg,1015915548/0.jpg
1013338326,1013656680,0.9836008548736572,120,2,1013338326/3.jpg,1013656680/0.jpg
1009407566,1009414034,0.9243701696395874,120,1,1009407566/0.jpg,1009414034/0.jpg
1015791544,1015920568,0.9528851509094238,108,1,1015791544/1.jpg,1015920568/3.jpg
1015523788,1015760153,0.9529645442962646,107,3,1015523788/0.jpg,1015760153/2.jpg
1015171958,1015783938,0.9943184852600098,103,1,1015171958/0.jpg,1015783938/2.jpg
1015531085,1015861164,0.892148494720459,97,1,1015531085/0.jpg,1015861164/0.jpg
1002698677,1015919001,0.9302532076835632,95,2,1002698677/0.jpg,1015919001/1.jpg
1012354392,1015523788,0.9354203343391418,89,1,1012354392/0.jpg,1015523788/2.jpg
1014537659,1015925769,0.9756219983100891,85,2,1014537659/0.jpg,1015925769/0.jpg
1015770865,1015865552,0.9248285293579102,83,1,1015770865/3.jpg,1015865552/3.jpg
1001825039,1015155768,0.8807567358016968,83,1,1001825039/1.jpg,1015155768/2.jpg
1006702457,1006703565,0.8937638401985168,82,1,1006702457/1.jpg,1006703565/0.jpg
1008329138,1015897841,0.90130215883255,78,1,1008329138/0.jpg,1015897841/3.jpg
1015261358,1015925597,0.9054951667785645,77,1,1015261358/1.jpg,1015925597/1.jpg
1014824637,1015737489,0.9128857851028442,73,1,1014824637/2.jpg,1015737489/3.jpg
1015505670,1015604729,0.9359117746353149,72,3,1015505670/0.jpg,1015604729/0.jpg
1015604729,1015800433,0.9297969341278076,72,3,1015604729/0.jpg,1015800433/0.jpg
1014193846,1014221060,0.9117062091827393,70,2,1014193846/2.jpg,1014221060/0.jpg
1014322200,1015796837,0.9309643507003784,69,1,1014322200/1.jpg,1015796837/0.jpg
1015604729,1015804947,0.9337872862815857,67,3,1015604729/0.jpg,1015804947/0.jpg
1015681737,1015788281,0.9174410104751587,62,1,1015681737/2.jpg,1015788281/2.jpg
1013313611,1013598441,0.9367599487304688,59,1,1013313611/0.jpg,1013598441/0.jpg
1014331073,1015336036,0.9141074419021606,59,2,1014331073/2.jpg,1015336036/1.jpg
1015572711,1015573277,0.9006474018096924,57,1,1015572711/1.jpg,1015573277/1.jpg
1015121622,1015500993,0.97218257188797,53,1,1015121622/0.jpg,1015500993/0.jpg
1015857594,697165553,0.8816721439361572,52,1,1015857594/1.jpg,697165553/2.jpg
1011402259,1013103297,0.9207483530044556,51,1,1011402259/0.jpg,1013103297/2.jpg
1004469832,1015783904,0.8957949280738831,51,1,1004469832/2.jpg,1015783904/0.jpg
1015470996,1015868662,0.8848316669464111,51,1,1015470996/0.jpg,1015868662/2.jpg
1014771121,1015864728,0.8875992298126221,50,1,1014771121/0.jpg,1015864728/1.jpg
1015717381,1015717533,0.9507944583892822,45,2,1015717381/2.jpg,1015717533/3.jpg
1015261358,1015883126,0.8944703340530396,45,1,1015261358/1.jpg,1015883126/3.jpg
1014818676,1015336303,0.88163161277771,45,1,1014818676/3.jpg,1015336303/3.jpg
1015482776,1015761719,0.89779132604599,44,1,1015482776/2.jpg,1015761719/1.jpg
1013825679,1015819667,0.9046915173530579,43,1,1013825679/0.jpg,1015819667/0.jpg
1011502820,1013825679,0.8845778703689575,43,1,1011502820/1.jpg,1013825679/0.jpg
1013694305,1015523788,0.9382957220077515,42,1,1013694305/0.jpg,1015523788/1.jpg
1013103297,1013924955,0.903715968132019,42,1,1013103297/2.jpg,1013924955/3.jpg
697016163,761276210,0.8977400064468384,42,1,697016163/2.jpg,761276210/1.jpg
1014771121,1015570662,0.8954984545707703,42,1,1014771121/0.jpg,1015570662/2.jpg
1015675116,1015860842,0.9408016204833984,41,2,1015675116/3.jpg,1015860842/0.jpg
1011402259,1015263759,0.9010104537010193,41,1,1011402259/0.jpg,1015263759/3.jpg
1011502820,1015435158,0.88917076587677,41,1,1011502820/1.jpg,1015435158/0.jpg
1015137919,1015542499,0.8803443908691406,41,1,1015137919/1.jpg,1015542499/0.jpg
1012645719,1015523788,0.9392269849777222,40,1,1012645719/0.jpg,1015523788/1.jpg
1015915359,694292287,0.9118213653564453,40,1,1015915359/2.jpg,694292287/3.jpg
1014766532,1014771121,0.8803002834320068,40,1,1014766532/0.jpg,1014771121/0.jpg
1011502820,1015819667,0.9007599353790283,39,1,1011502820/1.jpg,1015819667/0.jpg
1006171158,1008361037,0.892546534538269,39,1,1006171158/1.jpg,1008361037/0.jpg
1000997468,685300314,0.8896064758300781,39,1,1000997468/3.jpg,685300314/3.jpg
1015740769,760636689,0.8857399225234985,39,1,1015740769/3.jpg,760636689/1.jpg
1015477128,1015887819,0.9322715401649475,38,1,1015477128/3.jpg,1015887819/2.jpg
1014331073,1015461905,0.911928117275238,38,2,1014331073/3.jpg,1015461905/0.jpg
1013103297,1015263759,0.9113147258758545,38,1,1013103297/2.jpg,1015263759/3.jpg
1012493911,696612722,0.9060261845588684,38,1,1012493911/1.jpg,696612722/2.jpg
1015823568,696599208,0.9033688306808472,38,1,1015823568/3.jpg,696599208/1.jpg
1014342125,1014522510,0.8899435997009277,38,1,1014342125/0.jpg,1014522510/0.jpg
1015250773,1015691978,0.8886510133743286,38,1,1015250773/1.jpg,1015691978/3.jpg
1015435158,1015819667,0.8829882144927979,38,1,1015435158/0.jpg,1015819667/0.jpg
1015272979,1015707116,0.8818454742431641,38,1,1015272979/2.jpg,1015707116/0.jpg
1012493911,1015482776,0.9166813492774963,37,1,1012493911/1.jpg,1015482776/1.jpg
1012191366,1014342125,0.9138339161872864,37,1,1012191366/2.jpg,1014342125/0.jpg
1015311769,1015753344,0.9065930843353271,37,1,1015311769/1.jpg,1015753344/3.jpg
1015311769,694292287,0.8885105848312378,37,1,1015311769/1.jpg,694292287/3.jpg
1015508434,1015857594,0.8883141279220581,37,1,1015508434/3.jpg,1015857594/1.jpg
1015455957,1015624968,0.8881708383560181,37,1,1015455957/3.jpg,1015624968/3.jpg
1010612659,1015139722,0.9495375156402588,36,2,1010612659/0.jpg,1015139722/1.jpg
1014771121,1015889994,0.9040445685386658,36,1,1014771121/0.jpg,1015889994/3.jpg
1015311769,1015495408,0.9122533202171326,35,1,1015311769/1.jpg,1015495408/3.jpg
1015681737,1015823530,0.9100170135498047,35,1,1015681737/2.jpg,1015823530/3.jpg
1015753344,694292287,0.9012961387634277,35,1,1015753344/3.jpg,694292287/3.jpg
1011502820,686329196,0.891918420791626,35,1,1011502820/1.jpg,686329196/2.jpg
1009428663,1015370398,0.8845119476318359,35,1,1009428663/3.jpg,1015370398/2.jpg
1003760247,1015922611,0.8827767372131348,35,1,1003760247/3.jpg,1015922611/3.jpg
1014939510,1015370398,0.9236268997192383,34,1,1014939510/3.jpg,1015370398/3.jpg
1015731640,696612722,0.9148460626602173,34,1,1015731640/1.jpg,696612722/2.jpg
1015482776,1015731640,0.9112170338630676,34,1,1015482776/1.jpg,1015731640/1.jpg
1015201026,1015375777,0.8997654914855957,34,1,1015201026/3.jpg,1015375777/3.jpg
1015555356,1015664491,0.8959972858428955,34,1,1015555356/0.jpg,1015664491/0.jpg
692689648,761276210,0.8956233263015747,34,1,692689648/1.jpg,761276210/0.jpg
1015495915,1015545484,0.8905264735221863,34,1,1015495915/1.jpg,1015545484/0.jpg
1014970170,1015872103,0.8855876922607422,34,1,1014970170/2.jpg,1015872103/1.jpg
1015057398,685300314,0.880468487739563,34,1,1015057398/3.jpg,685300314/1.jpg
1012202684,1015365755,0.8801677823066711,34,1,1012202684/1.jpg,1015365755/3.jpg
1015482776,696612722,0.9354642629623413,33,1,1015482776/1.jpg,696612722/2.jpg
1015853849,1015871880,0.9169092178344727,33,1,1015853849/1.jpg,1015871880/2.jpg
1015707586,1015871880,0.9162151217460632,33,1,1015707586/2.jpg,1015871880/2.jpg
1001702949,1014719377,0.9158432483673096,33,1,1001702949/2.jpg,1014719377/3.jpg
1014360591,760281391,0.9077260494232178,33,1,1014360591/1.jpg,760281391/0.jpg
1006749743,1015703802,0.903581976890564,33,1,1006749743/1.jpg,1015703802/3.jpg
1014373766,1015491865,0.9001274108886719,33,1,1014373766/3.jpg,1015491865/2.jpg
1015107170,760636689,0.8925541639328003,33,1,1015107170/2.jpg,760636689/1.jpg
1015435158,686329196,0.890375018119812,33,1,1015435158/0.jpg,686329196/2.jpg
1013812990,1015895651,0.8899466395378113,33,1,1013812990/1.jpg,1015895651/1.jpg
690078541,690535041,0.8860606551170349,33,1,690078541/0.jpg,690535041/0.jpg
1015263759,690078541,0.88568115234375,33,1,1015263759/3.jpg,690078541/0.jpg
1015371055,1015895651,0.8825423121452332,33,1,1015371055/0.jpg,1015895651/1.jpg
1015184360,676804361,0.881373941898346,33,1,1015184360/1.jpg,676804361/3.jpg
1014065116,689001475,0.9056344628334045,32,2,1014065116/1.jpg,689001475/2.jpg
1015720057,1015889994,0.9019800424575806,32,1,1015720057/0.jpg,1015889994/3.jpg
1014357212,1015819667,0.9014343619346619,32,1,1014357212/1.jpg,1015819667/0.jpg
1014876223,1015099704,0.8977816104888916,32,1,1014876223/0.jpg,1015099704/3.jpg
1006940235,1009781197,0.8870863914489746,32,1,1006940235/3.jpg,1009781197/0.jpg
1009635688,1012087570,0.8849860429763794,32,1,1009635688/2.jpg,1012087570/3.jpg
1014824637,1015704720,0.8833370804786682,32,1,1014824637/2.jpg,1015704720/3.jpg
1015435158,1015869478,0.8825485110282898,32,1,1015435158/0.jpg,1015869478/1.jpg
1014843799,1015558269,0.8821965456008911,32,1,1014843799/0.jpg,1015558269/1.jpg
1013802711,1015887819,0.9172813296318054,31,1,1013802711/0.jpg,1015887819/1.jpg
1014390305,1015819667,0.9119070768356323,31,1,1014390305/3.jpg,1015819667/0.jpg
1015839581,1015884712,0.911461591720581,31,1,1015839581/2.jpg,1015884712/2.jpg
1001420787,1015059175,0.9108389616012573,31,1,1001420787/2.jpg,1015059175/2.jpg
1015311769,1015461429,0.9041516780853271,31,1,1015311769/1.jpg,1015461429/2.jpg
1014771121,1015742850,0.8929369449615479,31,1,1014771121/0.jpg,1015742850/1.jpg
1014719377,1015175436,0.8902685046195984,31,1,1014719377/3.jpg,1015175436/3.jpg
1015464138,1015579031,0.8899468183517456,31,1,1015464138/2.jpg,1015579031/1.jpg
1014764005,1014823233,0.8885985016822815,31,1,1014764005/2.jpg,1014823233/3.jpg
1015184360,1015701411,0.8861393928527832,31,1,1015184360/1.jpg,1015701411/3.jpg
1007675487,1015814690,0.8857631683349609,31,1,1007675487/1.jpg,1015814690/1.jpg
1015046850,1015612294,0.8857412934303284,31,1,1015046850/2.jpg,1015612294/1.jpg
1014105861,1014801683,0.8830010890960693,31,1,1014105861/0.jpg,1014801683/1.jpg
1004417424,698035069,0.8801925182342529,31,1,1004417424/0.jpg,698035069/0.jpg
1015595876,1015795098,0.9656625986099243,30,1,1015595876/1.jpg,1015795098/3.jpg
1015762213,1015766293,0.9323869943618774,30,1,1015762213/3.jpg,1015766293/2.jpg
1015640876,1015737489,0.9209833145141602,30,3,1015640876/2.jpg,1015737489/1.jpg
1002878597,1007796122,0.9148179292678833,30,1,1002878597/3.jpg,1007796122/3.jpg
1007337907,1014311553,0.9116764664649963,30,1,1007337907/2.jpg,1014311553/1.jpg
1014876223,1015681737,0.9063462018966675,30,1,1014876223/0.jpg,1015681737/2.jpg
1012845501,1014766532,0.9029209613800049,30,1,1012845501/0.jpg,1014766532/0.jpg
1009620425,1015059385,0.8926376104354858,30,1,1009620425/0.jpg,1015059385/2.jpg
1015458892,1015924435,0.8908651471138,30,1,1015458892/0.jpg,1015924435/3.jpg
1008516186,1015890823,0.8888242244720459,30,1,1008516186/0.jpg,1015890823/1.jpg
1015720057,1015913649,0.8860018849372864,30,1,1015720057/0.jpg,1015913649/0.jpg
1013825679,695396077,0.8853747844696045,30,1,1013825679/0.jpg,695396077/2.jpg
1015495408,1015753344,0.8850412368774414,30,1,1015495408/3.jpg,1015753344/3.jpg
1015765567,1015896044,0.8844187259674072,30,1,1015765567/1.jpg,1015896044/0.jpg
1013878138,688251999,0.8839648962020874,30,1,1013878138/1.jpg,688251999/2.jpg
1009064405,760281391,0.9345043301582336,29,1,1009064405/1.jpg,760281391/0.jpg
1015541508,1015823568,0.9176521897315979,29,1,1015541508/3.jpg,1015823568/3.jpg
1013694305,1015760153,0.9114426374435425,29,1,1013694305/0.jpg,1015760153/1.jpg
1015725168,1015802422,0.909949779510498,29,1,1015725168/1.jpg,1015802422/3.jpg
1015303857,1015886699,0.9091250896453857,29,1,1015303857/1.jpg,1015886699/1.jpg
1014262138,1014792814,0.9066505432128906,29,1,1014262138/3.jpg,1014792814/2.jpg
1014798634,1015808154,0.9064357280731201,29,1,1014798634/3.jpg,1015808154/1.jpg
1004417424,1015895651,0.9056012034416199,29,1,1004417424/0.jpg,1015895651/1.jpg
1012725616,1015371055,0.9052759408950806,29,1,1012725616/2.jpg,1015371055/0.jpg
1003820200,1015920272,0.9034990072250366,29,1,1003820200/1.jpg,1015920272/3.jpg
1007675487,1015819667,0.9031537771224976,29,1,1007675487/1.jpg,1015819667/0.jpg
1001702949,1015508080,0.8988347053527832,29,1,1001702949/2.jpg,1015508080/3.jpg
1015570662,1015720057,0.8977682590484619,29,1,1015570662/2.jpg,1015720057/0.jpg
1014785668,1015482776,0.8970873355865479,29,1,1014785668/2.jpg,1015482776/1.jpg
1013722744,1015624968,0.8962924480438232,29,1,1013722744/1.jpg,1015624968/1.jpg
1012826019,1015903835,0.8925996422767639,29,1,1012826019/2.jpg,1015903835/3.jpg
1015248031,760281391,0.8890893459320068,29,1,1015248031/3.jpg,760281391/0.jpg
1015370398,1015707116,0.8845092058181763,29,1,1015370398/3.jpg,1015707116/0.jpg
1005787980,684883500,0.8832281827926636,29,1,1005787980/0.jpg,684883500/0.jpg
1015232622,1015668390,0.8829643726348877,29,1,1015232622/1.jpg,1015668390/3.jpg
1015292257,1015887819,0.8818921446800232,29,1,1015292257/2.jpg,1015887819/1.jpg
1015616405,1015765567,0.8815827369689941,29,1,1015616405/3.jpg,1015765567/1.jpg
1015869478,686329196,0.8814159035682678,29,1,1015869478/1.jpg,686329196/2.jpg
1015703802,1015855005,0.8802212476730347,29,1,1015703802/3.jpg,1015855005/3.jpg
1015345618,1015417050,0.9159810543060303,28,1,1015345618/0.jpg,1015417050/0.jpg
682096686,696446397,0.9155335426330566,28,1,682096686/3.jpg,696446397/3.jpg
1002723759,1015059175,0.9110157489776611,28,1,1002723759/2.jpg,1015059175/2.jpg
1015737489,1015915548,0.9101684093475342,28,1,1015737489/1.jpg,1015915548/0.jpg
1009223853,1015349540,0.9045592546463013,28,1,1009223853/3.jpg,1015349540/2.jpg
1013802711,1015477128,0.8973201513290405,28,1,1013802711/0.jpg,1015477128/3.jpg
1015477128,1015797221,0.8963224291801453,28,1,1015477128/3.jpg,1015797221/2.jpg
1015676538,688511117,0.895632266998291,28,1,1015676538/1.jpg,688511117/0.jpg
1014823898,1015243460,0.8945280313491821,28,1,1014823898/2.jpg,1015243460/2.jpg
1015761359,1015909973,0.8926185965538025,28,1,1015761359/2.jpg,1015909973/1.jpg
1015771869,1015772452,0.891209602355957,28,1,1015771869/0.jpg,1015772452/2.jpg
1014357212,686329196,0.8908417224884033,28,1,1014357212/1.jpg,686329196/2.jpg
1015502539,1015738580,0.8905339241027832,28,1,1015502539/1.jpg,1015738580/1.jpg
1013554027,1015758526,0.8897547721862793,28,1,1013554027/0.jpg,1015758526/2.jpg
1004417424,1015371055,0.8875024318695068,28,1,1004417424/0.jpg,1015371055/0.jpg
1015571794,1015885676,0.8868200778961182,28,1,1015571794/3.jpg,1015885676/0.jpg
1014648831,1015770301,0.8857616186141968,28,1,1014648831/3.jpg,1015766458/8.jpg
1013164308,1015435158,0.884753942489624,28,1,1013164308/0.jpg,1015435158/0.jpg
1015117970,760721858,0.8838879466056824,28,1,1015117970/2.jpg,760721858/1.jpg
1015461429,694292287,0.8804858922958374,28,1,1015461429/2.jpg,694292287/3.jpg
1015533207,760281391,0.880074143409729,28,1,1015533207/3.jpg,760281391/0.jpg
1008361037,1015926836,0.9139316082000732,27,2,1008361037/1.jpg,1015926836/0.jpg
1015651084,1015889776,0.907267689704895,27,1,1015651084/1.jpg,1015889776/1.jpg
1008516186,1015655532,0.905909538269043,27,1,1008516186/0.jpg,1015655532/2.jpg
1015731640,1015738570,0.9037493467330933,27,1,1015731640/1.jpg,1015738570/3.jpg
1001420787,1015771869,0.903113603591919,27,1,1001420787/2.jpg,1015771869/0.jpg
1015738580,1015818010,0.9022651314735413,27,1,1015738580/1.jpg,1015818010/0.jpg
1015900337,670411610,0.8995252251625061,27,1,1015900337/2.jpg,670411610/3.jpg
1015570662,1015889994,0.8984427452087402,27,1,1015570662/2.jpg,1015889994/3.jpg
1005959172,1015815792,0.8958697319030762,27,1,1005959172/3.jpg,1015815792/1.jpg
1015788281,1015867736,0.8946733474731445,27,1,1015788281/2.jpg,1015867736/1.jpg
1007574395,1015477655,0.8943421840667725,27,1,1007574395/3.jpg,1015477655/2.jpg
1005264226,1015900337,0.893897294998169,27,1,1005264226/1.jpg,1015900337/0.jpg
1015190387,689077854,0.8919273614883423,27,1,1015190387/3.jpg,689077854/0.jpg
1014758721,1014758975,0.8918260931968689,27,2,1014758721/0.jpg,1014758975/0.jpg
1009593542,1015910452,0.8909454345703125,27,1,1009593542/1.jpg,1015910452/0.jpg
1015558269,1015887819,0.8906947374343872,27,1,1015558269/1.jpg,1015887819/1.jpg
1014031459,1015596134,0.8897228240966797,27,1,1014031459/0.jpg,1015596134/2.jpg
1015099704,1015899391,0.8894544839859009,27,1,1015099704/3.jpg,1015899391/1.jpg
1015520867,1015924497,0.8879920840263367,27,1,1015520867/3.jpg,1015924497/1.jpg
1015033474,1015298400,0.8868533372879028,27,1,1015033474/1.jpg,1015298400/2.jpg
1015813568,1015864728,0.886154294013977,27,1,1015813568/3.jpg,1015864728/1.jpg
1014772321,1015470508,0.885588526725769,27,1,1014772321/3.jpg,1015470508/2.jpg
1001420787,1015766952,0.8848274946212769,27,1,1001420787/2.jpg,1015766952/3.jpg
1009223853,1015693239,0.884581983089447,27,1,1009223853/3.jpg,1015693239/3.jpg
1015819667,686329196,0.8844723105430603,27,1,1015819667/0.jpg,686329196/2.jpg
1015262157,1015847702,0.8811730742454529,27,1,1015262157/2.jpg,1015847702/0.jpg
1015755633,1015804310,0.8809329867362976,27,1,1015755633/3.jpg,1015804310/2.jpg
1015740769,675598433,0.9131072759628296,26,1,1015740769/3.jpg,675598433/1.jpg
1013825679,1015889994,0.9102619886398315,26,1,1013825679/0.jpg,1015889994/2.jpg
1012725616,1015895651,0.9048064947128296,26,1,1012725616/2.jpg,1015895651/1.jpg
1008611072,1015665970,0.9008025527000427,26,1,1008611072/1.jpg,1015665970/2.jpg
1015362411,1015435158,0.900031566619873,26,1,1015362411/3.jpg,1015435158/0.jpg
1015595563,1015900337,0.8995141386985779,26,1,1015595563/1.jpg,1015900337/2.jpg
1007519494,1015691485,0.8963675498962402,26,1,1007519494/3.jpg,1015691485/2.jpg
1008684486,1015872409,0.8941808938980103,26,1,1008684486/2.jpg,1015872409/1.jpg
1003056220,1015158386,0.8931853771209717,26,1,1003056220/1.jpg,1015158386/1.jpg
1011502820,1015889994,0.8928860425949097,26,1,1011502820/1.jpg,1015889994/2.jpg
1015574011,699908966,0.8896819949150085,26,1,1015574011/0.jpg,699908966/3.jpg
1008634365,1013140141,0.8888579607009888,26,1,1008634365/3.jpg,1013140141/2.jpg
1000588461,1015809990,0.887344479560852,26,1,1000588461/2.jpg,1015809990/3.jpg
1014671637,691324201,0.8865711688995361,26,1,1014671637/0.jpg,691324201/3.jpg
1015803108,694292287,0.8854732513427734,26,1,1015803108/3.jpg,694292287/3.jpg
1013014908,1015823530,0.8854503631591797,26,1,1013014908/2.jpg,1015823530/3.jpg
1006749743,1015855005,0.8845055103302002,26,1,1006749743/1.jpg,1015855005/3.jpg
1014771547,1015059175,0.8843491077423096,26,1,1014771547/2.jpg,1015059175/2.jpg
1015797221,1015890823,0.8830392360687256,26,1,1015797221/2.jpg,1015890823/1.jpg
760158597,761654203,0.8824506998062134,26,1,760158597/2.jpg,761654203/1.jpg
1014260033,1015698346,0.8802237510681152,26,1,1014260033/1.jpg,1015698346/2.jpg
1015823568,1015859901,0.9385152459144592,25,1,1015823568/3.jpg,1015859901/3.jpg
1015753616,1015884712,0.9259692430496216,25,1,1015753616/1.jpg,1015884712/2.jpg
1001420787,1012939979,0.9123001098632812,25,1,1001420787/2.jpg,1012939979/2.jpg
1015018305,1015893251,0.9089997410774231,25,1,1015018305/2.jpg,1015893251/2.jpg
1014719377,1015508080,0.9089347720146179,25,1,1014719377/3.jpg,1015508080/3.jpg
1013103297,1014268889,0.9068568348884583,25,1,1013103297/2.jpg,1014268889/3.jpg
1006334352,1015745034,0.9055699110031128,25,1,1006334352/2.jpg,1015745034/2.jpg
1014771121,1015797221,0.9044399261474609,25,1,1014771121/0.jpg,1015797221/0.jpg
1015889967,1015900337,0.9007363319396973,25,1,1015889967/2.jpg,1015900337/2.jpg
1015801623,696446397,0.8994057178497314,25,1,1015801623/3.jpg,696446397/3.jpg
1014808487,1015298400,0.8972768783569336,25,1,1014808487/3.jpg,1015298400/0.jpg
1010347391,1013924955,0.89594966173172,25,1,1010347391/3.jpg,1013924955/3.jpg
1015758526,1015797221,0.8924926519393921,25,1,1015758526/2.jpg,1015797221/2.jpg
1015181340,1015874027,0.8906327486038208,25,1,1015181340/2.jpg,1015874027/1.jpg
1014031459,699480084,0.8899617791175842,25,1,1014031459/0.jpg,699480084/0.jpg
1010211621,1015576494,0.8892198801040649,25,1,1010211621/0.jpg,1015576494/0.jpg
1015097108,1015704278,0.8881384134292603,25,1,1015097108/1.jpg,1015704278/2.jpg
1013857482,1015893694,0.8853393793106079,25,1,1013857482/2.jpg,1015893694/1.jpg
1015558269,1015895651,0.8842511177062988,25,1,1015558269/1.jpg,1015895651/1.jpg
1003359544,1015454045,0.8841339349746704,25,1,1003359544/1.jpg,1015454045/2.jpg
1015311769,1015340350,0.8828011751174927,25,1,1015311769/1.jpg,1015340350/3.jpg
1014641075,1015401154,0.8824166059494019,25,1,1014641075/1.jpg,1015401154/2.jpg
1010365633,1015925597,0.8820071220397949,25,1,1010365633/1.jpg,1015925597/1.jpg
1014043296,1015895651,0.8819012641906738,25,1,1014043296/1.jpg,1015895651/1.jpg
1011502820,1015791492,0.8802217841148376,25,1,1011502820/1.jpg,1015791492/3.jpg
1002709594,1015839925,0.9159460663795471,24,1,1002709594/3.jpg,1015839925/2.jpg
1011402259,1014268889,0.9124063849449158,24,1,1011402259/0.jpg,1014268889/3.jpg
1012645719,1015760153,0.9123178720474243,24,1,1012645719/0.jpg,1015760153/1.jpg
1002723759,1012939979,0.9115408658981323,24,1,1002723759/2.jpg,1012939979/2.jpg
1012826019,1015025539,0.9101239442825317,24,1,1012826019/2.jpg,1015025539/3.jpg
1015853849,697049774,0.9080681204795837,24,1,1015853849/1.jpg,697049774/3.jpg
1015248031,1015624968,0.9072248935699463,24,1,1015248031/3.jpg,1015624968/1.jpg
1001420787,1015772452,0.9058336019515991,24,1,1001420787/2.jpg,1015772452/2.jpg
1015797221,691570893,0.9055073261260986,24,1,1015797221/2.jpg,691570893/2.jpg
1006625297,1010365633,0.9026320576667786,24,1,1006625297/1.jpg,1010365633/1.jpg
1015262157,1015734631,0.9017342329025269,24,1,1015262157/0.jpg,1015734631/1.jpg
1013924955,1014950828,0.8971739411354065,24,1,1013924955/3.jpg,1014950828/2.jpg
1015887819,1015889776,0.8960951566696167,24,1,1015887819/2.jpg,1015889776/1.jpg
1009718795,1014796561,0.8955143690109253,24,1,1009718795/0.jpg,1014796561/0.jpg
1015059175,1015772452,0.8952818512916565,24,1,1015059175/2.jpg,1015772452/2.jpg
1015435158,1015889994,0.8913320899009705,24,1,1015435158/0.jpg,1015889994/2.jpg
1002514700,1015792257,0.8898624181747437,24,1,1002514700/3.jpg,1015792257/0.jpg
1010365633,1015201810,0.8895702362060547,24,1,1010365633/1.jpg,1015201810/0.jpg
1005644441,1012376943,0.888667643070221,24,1,1005644441/1.jpg,1012376943/3.jpg
1013862859,1015192926,0.8881387710571289,24,1,1013862859/0.jpg,1015192926/1.jpg
1014792814,1015738580,0.8874523639678955,24,1,1014792814/2.jpg,1015738580/1.jpg
1014043296,698035069,0.8873841762542725,24,1,1014043296/1.jpg,698035069/0.jpg
1015707586,697049774,0.8873614072799683,24,1,1015707586/2.jpg,697049774/3.jpg
1015872409,1015895651,0.8869857788085938,24,1,1015872409/1.jpg,1015895651/1.jpg
1002723759,1015771869,0.8862000703811646,24,1,1002723759/2.jpg,1015771869/0.jpg
1014810962,1015371055,0.8841175436973572,24,1,1014810962/3.jpg,1015371055/0.jpg
1015812569,1015885676,0.8807035684585571,24,1,1015812569/1.jpg,1015885676/0.jpg
1002057682,1006940235,0.8803797364234924,24,1,1002057682/0.jpg,1006940235/3.jpg
1004898586,698385877,0.9350570440292358,23,1,1004898586/3.jpg,698385877/3.jpg
1015766293,1015925597,0.9349708557128906,23,1,1015766293/0.jpg,1015925597/1.jpg
1015140493,1015151939,0.9255333542823792,23,1,1015140493/1.jpg,1015151939/3.jpg
1015819667,1015889994,0.9226562976837158,23,1,1015819667/0.jpg,1015889994/2.jpg
1015706402,1015788281,0.9218395948410034,23,1,1015706402/3.jpg,1015788281/2.jpg
1015707586,1015853849,0.9132964611053467,23,1,1015707586/2.jpg,1015853849/1.jpg
1014969092,1015909949,0.9124106168746948,23,3,1014969092/0.jpg,1015909949/1.jpg
1015591544,1015920687,0.9120910167694092,23,1,1015591544/3.jpg,1015920687/2.jpg
1015895651,698035069,0.9115334749221802,23,1,1015895651/1.jpg,698035069/0.jpg
1004389963,1015480636,0.9089264273643494,23,1,1004389963/3.jpg,1015480636/3.jpg
1011497750,1015672732,0.9058589935302734,23,1,1011497750/2.jpg,1015672732/3.jpg
1015855131,1015902335,0.9048567414283752,23,2,1015855131/1.jpg,1015902335/3.jpg
1013875595,1015818010,0.9032809138298035,23,1,1013875595/3.jpg,1015818010/3.jpg
1014357212,1015889994,0.8984978199005127,23,1,1014357212/1.jpg,1015889994/2.jpg
1013300263,1015339875,0.8969683647155762,23,1,1013300263/2.jpg,1015339875/0.jpg
1015866571,1015873358,0.8966398239135742,23,1,1015866571/0.jpg,1015873358/1.jpg
1015889994,686329196,0.8965508341789246,23,1,1015889994/2.jpg,686329196/2.jpg
1006959326,1015664606,0.8964300155639648,23,1,1006959326/3.jpg,1015664606/3.jpg
1015429239,1015626748,0.8961009383201599,23,1,1015429239/1.jpg,1015626748/3.jpg
1014224655,1015867736,0.8958052396774292,23,1,1014224655/3.jpg,1015867736/1.jpg
690554200,697973754,0.8949785232543945,23,1,690554200/3.jpg,697973754/3.jpg
1013555001,1015554172,0.8948516845703125,23,1,1013555001/2.jpg,1015554172/3.jpg
1010101221,1015557472,0.894752562046051,23,1,1010101221/3.jpg,1015557472/0.jpg
1015261358,1015911850,0.887966513633728,23,1,1015261358/1.jpg,1015911850/1.jpg
1010278585,1015793764,0.8873461484909058,23,1,1010278585/3.jpg,1015793764/3.jpg
1015299673,1015442893,0.8872828483581543,23,1,1015299673/0.jpg,1015442893/2.jpg
1015478662,1015793771,0.88706374168396,23,1,1015478662/0.jpg,1015793771/3.jpg
1015706402,1015867736,0.8863165378570557,23,1,1015706402/3.jpg,1015867736/1.jpg
1015097108,1015759885,0.8861692547798157,23,1,1015097108/1.jpg,1015759885/3.jpg
1015184360,1015888980,0.8854772448539734,23,1,1015184360/2.jpg,1015888980/2.jpg
1004264648,1015591544,0.88432776927948,23,1,1004264648/3.jpg,1015591544/3.jpg
1015292257,1015914105,0.8838534951210022,23,1,1015292257/2.jpg,1015914105/1.jpg
1015311769,676439680,0.8833755850791931,23,1,1015311769/1.jpg,676439680/1.jpg
1012864906,1015875497,0.8819562196731567,23,1,1012864906/0.jpg,1015875497/0.jpg
1015758526,1015890823,0.8815127611160278,23,1,1015758526/2.jpg,1015890823/1.jpg
1015755923,1015860326,0.8809555768966675,23,1,1015755923/2.jpg,1015860326/2.jpg
1015182412,1015890823,0.8801039457321167,23,1,1015182412/1.jpg,1015890823/1.jpg
1010365633,1015208224,0.9590628147125244,22,1,1010365633/0.jpg,1015208224/0.jpg
1015535518,1015818010,0.9200438857078552,22,1,1015535518/3.jpg,1015818010/2.jpg
1015859901,696599208,0.9197832942008972,22,1,1015859901/3.jpg,696599208/1.jpg
1015256680,1015887651,0.9192504286766052,22,1,1015256680/2.jpg,1015887651/2.jpg
1015464138,1015891755,0.9178240299224854,22,1,1015464138/2.jpg,1015891755/3.jpg
1012725616,1015558269,0.9161906242370605,22,1,1012725616/2.jpg,1015558269/1.jpg
1009680190,1015895651,0.9134963750839233,22,1,1009680190/2.jpg,1015895651/1.jpg
1015777439,1015886699,0.90897136926651,22,1,1015777439/2.jpg,1015886699/1.jpg
1001420787,1015757515,0.9058557748794556,22,1,1001420787/2.jpg,1015757515/3.jpg
1015223745,1015889910,0.9056363105773926,22,1,1015223745/1.jpg,1015889910/3.jpg
1015311769,1015855131,0.9009290933609009,22,1,1015311769/1.jpg,1015855131/2.jpg
1010080828,696012134,0.8994606137275696,22,1,1010080828/0.jpg,696012134/0.jpg
1013862859,696745242,0.8988296389579773,22,1,1013862859/0.jpg,696745242/3.jpg
1013802711,1015917711,0.8977369666099548,22,1,1013802711/0.jpg,1015917711/2.jpg
1015655532,1015788281,0.8962571620941162,22,1,1015655532/0.jpg,1015788281/2.jpg
1007675487,1015797221,0.896011233329773,22,1,1007675487/1.jpg,1015797221/0.jpg
1015231637,1015902540,0.8952484726905823,22,1,1015231637/3.jpg,1015902540/2.jpg
1009441134,1015025539,0.8952301740646362,22,1,1009441134/2.jpg,1015025539/3.jpg
1014772321,1015189268,0.8940597176551819,22,1,1014772321/3.jpg,1015189268/2.jpg
1004264648,1015857594,0.8921334147453308,22,1,1004264648/3.jpg,1015857594/1.jpg
1015925597,761775725,0.8902367949485779,22,1,1015925597/0.jpg,761775725/0.jpg
1015860326,692375846,0.8895915746688843,22,1,1015860326/2.jpg,692375846/0.jpg
1015530828,1015799566,0.8892913460731506,22,1,1015530828/0.jpg,1015799566/0.jpg
1015201026,1015311895,0.8866007924079895,22,1,1015201026/3.jpg,1015311895/1.jpg
1015393677,676439680,0.8848409652709961,22,1,1015393677/1.jpg,676439680/1.jpg
1013875595,1015626748,0.8847328424453735,22,1,1013875595/3.jpg,1015626748/3.jpg
1012087570,1015018305,0.8837662935256958,22,1,1012087570/2.jpg,1015018305/0.jpg
1014615062,1014822649,0.8831416368484497,22,1,1014615062/1.jpg,1014822649/1.jpg
1014675230,1015661322,0.8814886808395386,22,1,1014675230/1.jpg,1015661322/1.jpg
1014800664,1015864728,0.8813996911048889,22,1,1014800664/0.jpg,1015864728/1.jpg
1015343052,1015701411,0.8811072111129761,22,1,1015343052/1.jpg,1015701411/1.jpg
1015362411,686329196,0.8808627128601074,22,1,1015362411/3.jpg,686329196/2.jpg
1015407235,1015770865,0.8803960084915161,22,1,1015407235/2.jpg,1015770865/3.jpg
1013901442,1015573714,0.8802987337112427,22,1,1013901442/2.jpg,1015573714/0.jpg
1000429131,1015669602,0.8802964687347412,22,1,1000429131/3.jpg,1015669602/3.jpg
1002057682,1015925597,0.9558026790618896,21,1,1002057682/2.jpg,1015925597/1.jpg
1009064405,1015624968,0.9323217272758484,21,1,1009064405/1.jpg,1015624968/1.jpg
1015456440,1015675638,0.9294184446334839,21,1,1015456440/1.jpg,1015675638/0.jpg
1015869478,1015889994,0.9266571998596191,21,1,1015869478/1.jpg,1015889994/2.jpg
1013305720,1015520867,0.9254677295684814,21,1,1013305720/0.jpg,1015520867/3.jpg
1002884864,1015911850,0.9208403825759888,21,1,1002884864/1.jpg,1015911850/1.jpg
1013722744,1015248031,0.9193096160888672,21,1,1013722744/1.jpg,1015248031/3.jpg
1008914996,1015868051,0.9098415374755859,21,1,1008914996/3.jpg,1015868051/2.jpg
1015278097,696446397,0.9079844951629639,21,1,1015278097/3.jpg,696446397/3.jpg
1015243460,1015890823,0.9052335619926453,21,1,1015243460/2.jpg,1015890823/1.jpg
1013567659,1015819667,0.9049777984619141,21,1,1013567659/1.jpg,1015819667/0.jpg
1015288054,1015793771,0.9033008217811584,21,1,1015288054/0.jpg,1015793771/3.jpg
1015099704,1015788281,0.9031593203544617,21,1,1015099704/3.jpg,1015788281/2.jpg
1015819667,1015869478,0.9030654430389404,21,1,1015819667/0.jpg,1015869478/1.jpg
1008914996,1015234237,0.9021345376968384,21,1,1008914996/1.jpg,1015234237/3.jpg
1015719829,1015891755,0.9012855887413025,21,1,1015719829/3.jpg,1015891755/3.jpg
1004977129,1015669136,0.8998736143112183,21,1,1004977129/1.jpg,1015669136/3.jpg
1015766952,1015771869,0.8997921347618103,21,1,1015766952/3.jpg,1015771869/0.jpg
1015855131,694292287,0.8996254205703735,21,1,1015855131/2.jpg,694292287/3.jpg
1015727548,1015912715,0.8985412120819092,21,1,1015727548/0.jpg,1015912715/2.jpg
1015059175,1015370576,0.898454487323761,21,1,1015059175/2.jpg,1015370576/3.jpg
1015059175,1015757515,0.8976215124130249,21,1,1015059175/2.jpg,1015757515/3.jpg
1012911192,1015920687,0.8970397710800171,21,1,1012911192/3.jpg,1015920687/2.jpg
1015371055,1015558269,0.8967561721801758,21,1,1015371055/0.jpg,1015558269/1.jpg
1015596134,1015915460,0.8966726660728455,21,1,1015596134/1.jpg,1015915460/1.jpg
1004152838,1006959326,0.8960596323013306,21,1,1004152838/3.jpg,1006959326/3.jpg
1014262138,1015738580,0.8959345817565918,21,1,1014262138/3.jpg,1015738580/1.jpg
1014414255,1015589845,0.8949264883995056,21,1,1014414255/2.jpg,1015589845/0.jpg
1002800620,1012466674,0.8948910236358643,21,1,1002800620/3.jpg,1012466674/1.jpg
1015158850,1015520867,0.8923474550247192,21,1,1015158850/2.jpg,1015520867/3.jpg
1015676913,1015677586,0.8921880722045898,21,1,1015676913/3.jpg,1015677586/2.jpg
1006940235,1015927386,0.8918372392654419,21,1,1006940235/3.jpg,1015927386/1.jpg
1013875595,1015345618,0.8914228677749634,21,1,1013875595/3.jpg,1015345618/1.jpg
1013875595,1015738580,0.8883705139160156,21,1,1013875595/3.jpg,1015738580/0.jpg
1007251538,1015234237,0.8880943655967712,21,1,1007251538/2.jpg,1015234237/3.jpg
1015377118,1015859901,0.887964129447937,21,1,1015377118/2.jpg,1015859901/2.jpg
1015270047,690143899,0.8872506618499756,21,1,1015270047/1.jpg,690143899/2.jpg
1015651084,1015887819,0.8869284391403198,21,1,1015651084/1.jpg,1015887819/2.jpg
1014843799,1015151299,0.8860223293304443,21,1,1014843799/0.jpg,1015151299/2.jpg
1007153512,1015788281,0.8856077194213867,21,1,1007153512/1.jpg,1015788281/1.jpg
1015887819,1015917711,0.8854402303695679,21,1,1015887819/1.jpg,1015917711/2.jpg
1013802711,1015551529,0.884893536567688,21,1,1013802711/0.jpg,1015551529/3.jpg
1004417424,1015558269,0.8848042488098145,21,1,1004417424/0.jpg,1015558269/1.jpg
1014671637,1015728259,0.8846042156219482,21,1,1014671637/0.jpg,1015728259/2.jpg
1015545484,1015921683,0.8844665288925171,21,1,1015545484/0.jpg,1015921683/2.jpg
1015655532,1015867736,0.8830602169036865,21,1,1015655532/0.jpg,1015867736/1.jpg
1011502820,1015807119,0.8819162845611572,21,1,1011502820/1.jpg,1015807119/1.jpg
1011502820,1015807123,0.8819162845611572,21,1,1011502820/1.jpg,1015807119/1.jpg
1015572325,1015728751,0.8818117380142212,21,1,1015572325/2.jpg,1015728751/1.jpg
1015533207,694484523,0.880852997303009,21,1,1015533207/3.jpg,694484523/1.jpg
1015682960,1015765567,0.8801481127738953,21,1,1015682960/3.jpg,1015765567/1.jpg
1012466674,1015288054,0.9381917715072632,20,1,1012466674/1.jpg,1015288054/0.jpg
1009064405,1015248031,0.9333544969558716,20,1,1009064405/2.jpg,1015248031/3.jpg
1013652037,1015535518,0.9202232360839844,20,1,1013652037/0.jpg,1015535518/3.jpg
1015340350,1015915359,0.9195669293403625,20,1,1015340350/3.jpg,1015915359/2.jpg
1009668179,1015740769,0.9160976409912109,20,1,1009668179/1.jpg,1015740769/3.jpg
1015343052,1015809637,0.915553092956543,20,1,1015343052/1.jpg,1015809637/0.jpg
1013652037,1014921778,0.9145724773406982,20,1,1013652037/3.jpg,1014921778/1.jpg
1001420787,1015370576,0.9111700057983398,20,1,1001420787/2.jpg,1015370576/3.jpg
1015819667,695396077,0.9105425477027893,20,1,1015819667/0.jpg,695396077/2.jpg
1015818156,1015923451,0.9085325002670288,20,1,1015818156/0.jpg,1015923451/2.jpg
1015889776,697601482,0.9069033861160278,20,1,1015889776/1.jpg,697601482/0.jpg
1015797221,1015864728,0.9051401615142822,20,1,1015797221/0.jpg,1015864728/1.jpg
1013825679,697669713,0.9050646424293518,20,1,1013825679/0.jpg,697669713/3.jpg
1015107369,1015873221,0.904451310634613,20,1,1015107369/3.jpg,1015873221/2.jpg
1001702949,1015493586,0.9043755531311035,20,1,1001702949/2.jpg,1015493586/2.jpg
1014470589,1015762111,0.9027174115180969,20,1,1014470589/2.jpg,1015762111/1.jpg
1015181340,1015415687,0.9012118577957153,20,1,1015181340/3.jpg,1015415687/3.jpg
1014798634,694292287,0.9007680416107178,20,1,1014798634/3.jpg,694292287/3.jpg
1015765567,1015793771,0.9002989530563354,20,1,1015765567/1.jpg,1015793771/1.jpg
1015477784,1015887819,0.8997368812561035,20,1,1015477784/1.jpg,1015887819/2.jpg
1012725616,1014810962,0.8988653421401978,20,1,1012725616/2.jpg,1014810962/3.jpg
1007776850,1015873802,0.8964648246765137,20,1,1007776850/2.jpg,1015873802/3.jpg
1015753344,1015855131,0.8958349227905273,20,1,1015753344/3.jpg,1015855131/2.jpg
1014766532,1015407521,0.8958194851875305,20,2,1014766532/0.jpg,1015407521/0.jpg
1014823233,1015725168,0.895652711391449,20,1,1014823233/3.jpg,1015725168/1.jpg
1013875595,688511117,0.8954228162765503,20,1,1013875595/3.jpg,688511117/0.jpg
1012214075,1015882642,0.894558310508728,20,1,1012214075/0.jpg,1015882642/1.jpg
688228262,689626213,0.8943244218826294,20,1,688228262/3.jpg,689626213/1.jpg
1014577026,1015772452,0.8942219018936157,20,1,1014577026/2.jpg,1015772452/2.jpg
1015595563,670411610,0.8923630118370056,20,1,1015595563/1.jpg,670411610/3.jpg
1015853578,690554200,0.8908803462982178,20,1,1015853578/2.jpg,690554200/3.jpg
1007054693,1015895651,0.8905760049819946,20,1,1007054693/0.jpg,1015895651/1.jpg
1008406385,1012931143,0.8902700543403625,20,1,1008406385/1.jpg,1012931143/1.jpg
1002057682,1010365633,0.8900526762008667,20,1,1002057682/1.jpg,1010365633/1.jpg
1014597032,1015288054,0.8892765045166016,20,1,1014597032/3.jpg,1015288054/0.jpg
1015190387,1015591544,0.8891677260398865,20,1,1015190387/3.jpg,1015591544/3.jpg
1004155031,1015715669,0.8885287046432495,20,1,1004155031/1.jpg,1015715669/3.jpg
1015691485,1015908275,0.8883514404296875,20,1,1015691485/2.jpg,1015908275/3.jpg
1015407521,1015611971,0.8874590396881104,20,1,1015407521/1.jpg,1015611971/2.jpg
1015788281,1015899391,0.8874104022979736,20,1,1015788281/2.jpg,1015899391/1.jpg
1015397069,694292287,0.8871304988861084,20,1,1015397069/2.jpg,694292287/3.jpg
1006432678,1008634365,0.8866397142410278,20,1,1006432678/1.jpg,1008634365/3.jpg
1013652037,1015738580,0.8863461017608643,20,1,1013652037/0.jpg,1015738580/1.jpg
1015892017,696012134,0.8862925171852112,20,1,1015892017/2.jpg,696012134/0.jpg
1013924955,1015681737,0.8850432634353638,20,1,1013924955/1.jpg,1015681737/2.jpg
1015531085,1015533252,0.8842486143112183,20,1,1015531085/0.jpg,1015533252/3.jpg
1015495544,1015499811,0.8834717273712158,20,1,1015495544/2.jpg,1015499811/3.jpg
1009635688,1015632392,0.8834611177444458,20,1,1009635688/2.jpg,1015632392/3.jpg
1014262138,1015749295,0.8831844925880432,20,1,1014262138/3.jpg,1015749295/2.jpg
1015896700,699908966,0.8829681873321533,20,1,1015896700/2.jpg,699908966/3.jpg
1005721253,1009056732,0.8826392889022827,20,1,1005721253/2.jpg,1009056732/0.jpg
1002247831,1015299673,0.8819405436515808,20,1,1002247831/0.jpg,1015299673/1.jpg
1013875595,1015429239,0.8813551068305969,20,1,1013875595/3.jpg,1015429239/1.jpg
1015461429,1015838037,0.880725622177124,20,1,1015461429/2.jpg,1015838037/1.jpg
1015417050,688511117,0.9366966485977173,19,1,1015417050/0.jpg,688511117/0.jpg
1013103297,688511117,0.9321427941322327,19,1,1013103297/1.jpg,688511117/0.jpg
1006971769,1014801323,0.9288322925567627,19,1,1006971769/3.jpg,1014801323/1.jpg
1011289556,1013125876,0.9283974170684814,19,1,1011289556/1.jpg,1013125876/2.jpg
1014224655,1015706402,0.9220615029335022,19,1,1014224655/3.jpg,1015706402/3.jpg
1015336209,1015349540,0.9203859567642212,19,1,1015336209/3.jpg,1015349540/2.jpg
1006940235,1015697124,0.9137591123580933,19,1,1006940235/3.jpg,1015697124/3.jpg
1010365633,1014692044,0.9110971689224243,19,1,1010365633/1.jpg,1014692044/1.jpg
1015296878,1015850927,0.9103071689605713,19,1,1015296878/2.jpg,1015850927/1.jpg
1015557472,1015821051,0.9088908433914185,19,1,1015557472/0.jpg,1015821051/3.jpg
1004417424,1012725616,0.9069998860359192,19,1,1004417424/0.jpg,1012725616/2.jpg
1010278585,1015371055,0.903926432132721,19,1,1010278585/3.jpg,1015371055/0.jpg
1015884712,1015911267,0.9005335569381714,19,1,1015884712/2.jpg,1015911267/2.jpg
1015370576,1015771869,0.8996458053588867,19,1,1015370576/3.jpg,1015771869/0.jpg
1014665937,1015298400,0.8982075452804565,19,1,1014665937/2.jpg,1015298400/2.jpg
1007054693,760921100,0.8971307873725891,19,1,1007054693/3.jpg,760921100/3.jpg
1015759209,693588936,0.8969835042953491,19,1,1015759209/3.jpg,693588936/3.jpg
1015701681,1015853578,0.8969113826751709,19,1,1015701681/2.jpg,1015853578/2.jpg
1014798765,1015913649,0.8968018293380737,19,1,1014798765/3.jpg,1015913649/0.jpg
1007675487,1015288054,0.8963174819946289,19,1,1007675487/0.jpg,1015288054/0.jpg
1000429131,1015758514,0.8955309987068176,19,1,1000429131/3.jpg,1015758514/0.jpg
1015505692,1015811960,0.8945218324661255,19,1,1015505692/1.jpg,1015811960/1.jpg
1015201026,1015584249,0.8944964408874512,19,1,1015201026/0.jpg,1015584249/1.jpg
1015571794,1015591544,0.8923205733299255,19,1,1015571794/3.jpg,1015591544/3.jpg
1015760889,672312676,0.8911862373352051,19,1,1015760889/2.jpg,672312676/3.jpg
1013731113,1015478662,0.8905162811279297,19,1,1013731113/0.jpg,1015478662/0.jpg
1015721786,1015873221,0.8902522325515747,19,1,1015721786/3.jpg,1015873221/2.jpg
1010278585,692375846,0.890239953994751,19,1,1010278585/3.jpg,692375846/0.jpg
686329196,697669713,0.8893758654594421,19,1,686329196/2.jpg,697669713/3.jpg
1015753616,1015911267,0.8885087966918945,19,1,1015753616/1.jpg,1015911267/2.jpg
1012466674,1015753344,0.888198971748352,19,1,1012466674/1.jpg,1015753344/0.jpg
1001503931,1015255133,0.887286365032196,19,1,1001503931/1.jpg,1015255133/2.jpg
1015571794,1015831356,0.8868848085403442,19,1,1015571794/3.jpg,1015831356/3.jpg
1003148609,1014801590,0.8867343664169312,19,1,1003148609/3.jpg,1014801590/3.jpg
1006940235,699908966,0.8864948749542236,19,1,1006940235/3.jpg,699908966/3.jpg
1013924955,1014876223,0.8864540457725525,19,1,1013924955/1.jpg,1014876223/0.jpg
677434154,760281391,0.8864425420761108,19,1,677434154/0.jpg,760281391/0.jpg
1012150067,1015456945,0.8863769769668579,19,1,1012150067/3.jpg,1015456945/2.jpg
1002723759,1015772452,0.8860978484153748,19,1,1002723759/2.jpg,1015772452/2.jpg
1005778572,1015586989,0.885019063949585,19,1,1005778572/0.jpg,1015586989/0.jpg
1007674868,1015717381,0.8849345445632935,19,1,1007674868/2.jpg,1015717381/3.jpg
1014778743,1015571891,0.884803295135498,19,1,1014778743/2.jpg,1015571891/0.jpg
1015821051,675598433,0.8847432136535645,19,1,1015821051/3.jpg,675598433/1.jpg
1015208224,1015485687,0.8842755556106567,19,1,1015208224/0.jpg,1015485687/0.jpg
1015223745,1015664491,0.8842644691467285,19,1,1015223745/3.jpg,1015664491/0.jpg
1015818156,1015839925,0.8823244571685791,19,1,1015818156/0.jpg,1015839925/2.jpg
1015872409,1015873317,0.8823086023330688,19,1,1015872409/1.jpg,1015873317/0.jpg
1012845501,1015407521,0.8822423815727234,19,2,1012845501/0.jpg,1015407521/0.jpg
1013878138,1015692660,0.881872296333313,19,1,1013878138/2.jpg,1015692660/2.jpg
1015556415,1015891755,0.881788969039917,19,1,1015556415/3.jpg,1015891755/3.jpg
1015915359,694277690,0.8813592195510864,19,1,1015915359/2.jpg,694277690/3.jpg
1010323244,760921100,0.8810835480690002,19,1,1010323244/2.jpg,760921100/3.jpg
1015832238,698251466,0.8809879422187805,19,1,1015832238/3.jpg,698251466/3.jpg
1015234237,1015725168,0.8807646632194519,19,1,1015234237/3.jpg,1015725168/1.jpg
1010998838,1013484982,0.9383035898208618,18,3,1010998838/0.jpg,1013484982/0.jpg
1012466674,1015793771,0.9364992380142212,18,1,1012466674/1.jpg,1015793771/3.jpg
695495105,760919810,0.9358636140823364,18,1,695495105/1.jpg,760919810/0.jpg
1013878138,696599208,0.9300776720046997,18,1,1013878138/1.jpg,696599208/1.jpg
1015502555,1015900337,0.9275842308998108,18,1,1015502555/0.jpg,1015900337/2.jpg
1015803288,1015808602,0.9254048466682434,18,1,1015803288/0.jpg,1015808602/0.jpg
1014798564,1015866571,0.9240120649337769,18,1,1014798564/3.jpg,1015866571/3.jpg
1010922465,698824211,0.9233925342559814,18,1,1010922465/0.jpg,698824211/2.jpg
1015018305,1015866571,0.9221537113189697,18,1,1015018305/2.jpg,1015866571/3.jpg
1014808487,1015288054,0.9220387935638428,18,1,1014808487/2.jpg,1015288054/0.jpg
1015682547,1015855005,0.9217697381973267,18,1,1015682547/0.jpg,1015855005/3.jpg
1014262138,1015626748,0.9175731539726257,18,1,1014262138/3.jpg,1015626748/3.jpg
1015883549,1015899391,0.9164773225784302,18,1,1015883549/3.jpg,1015899391/1.jpg
1006423574,1015866571,0.9144984483718872,18,1,1006423574/2.jpg,1015866571/3.jpg
1015591544,1015885676,0.9099419713020325,18,1,1015591544/3.jpg,1015885676/0.jpg
1012725616,1014843799,0.9091436862945557,18,1,1012725616/2.jpg,1014843799/0.jpg
1006940235,1015558269,0.9089422225952148,18,1,1006940235/3.jpg,1015558269/1.jpg
1014772321,1015758526,0.9076732993125916,18,1,1014772321/3.jpg,1015758526/2.jpg
1014464717,695396077,0.9071543216705322,18,1,1014464717/1.jpg,695396077/3.jpg
1015809637,1015875856,0.9066309332847595,18,1,1015809637/0.jpg,1015875856/2.jpg
1015530828,1015655532,0.9062736630439758,18,1,1015530828/0.jpg,1015655532/0.jpg
1001420787,1014577026,0.9062158465385437,18,1,1001420787/2.jpg,1014577026/2.jpg
1009668179,675598433,0.9061293601989746,18,1,1009668179/1.jpg,675598433/1.jpg
1008458885,1015190387,0.9060477018356323,18,1,1008458885/2.jpg,1015190387/3.jpg
1014801516,1015533252,0.9059247970581055,18,1,1014801516/0.jpg,1015533252/3.jpg
1015558059,1015924435,0.9056911468505859,18,1,1015558059/2.jpg,1015924435/3.jpg
1015887819,1015896700,0.9044772386550903,18,1,1015887819/2.jpg,1015896700/2.jpg
676804361,688511117,0.9041879177093506,18,1,676804361/2.jpg,688511117/0.jpg
1015393875,1015902882,0.9040175676345825,18,1,1015393875/3.jpg,1015902882/1.jpg
1015181340,698337862,0.903475284576416,18,1,1015181340/3.jpg,698337862/3.jpg
1015470052,1015815554,0.9033796787261963,18,1,1015470052/3.jpg,1015815554/2.jpg
1013440944,1014818827,0.9028609395027161,18,1,1013440944/1.jpg,1014818827/3.jpg
1015651084,697601482,0.9005496501922607,18,1,1015651084/1.jpg,697601482/0.jpg
1015797221,1015927082,0.9001905918121338,18,1,1015797221/0.jpg,1015927082/1.jpg
1015502634,1015865051,0.8998556733131409,18,1,1015502634/3.jpg,1015865051/2.jpg
1014224655,1015801433,0.8997960090637207,18,1,1014224655/0.jpg,1015801433/1.jpg
1015723148,676422376,0.8982895612716675,18,1,1015723148/1.jpg,676422376/0.jpg
1015847702,1015884712,0.8982657790184021,18,1,1015847702/3.jpg,1015884712/2.jpg
1011776640,1015661322,0.8978952169418335,18,1,1011776640/3.jpg,1015661322/1.jpg
1009762313,1015046850,0.8978569507598877,18,1,1009762313/2.jpg,1015046850/2.jpg
1015818010,676804361,0.8968554735183716,18,1,1015818010/1.jpg,676804361/2.jpg
1015823530,1015899391,0.8963955640792847,18,1,1015823530/3.jpg,1015899391/1.jpg
1014347755,1015182412,0.8958102464675903,18,2,1014347755/1.jpg,1015182412/1.jpg
1007834235,1015663329,0.8952078223228455,18,1,1007834235/0.jpg,1015663329/2.jpg
1013091598,1015442893,0.8949217796325684,18,1,1013091598/2.jpg,1015442893/2.jpg
1004341929,1015704720,0.8946865797042847,18,1,1004341929/3.jpg,1015704720/3.jpg
1015913649,696002607,0.8945733904838562,18,1,1015913649/0.jpg,696002607/0.jpg
1013652037,1015502539,0.8942908048629761,18,1,1013652037/0.jpg,1015502539/1.jpg
1006749743,1015682547,0.894268274307251,18,1,1006749743/1.jpg,1015682547/0.jpg
682096686,696599208,0.8940437436103821,18,1,682096686/3.jpg,696599208/1.jpg
1009938461,1015899391,0.8935328125953674,18,1,1009938461/1.jpg,1015899391/1.jpg
1015572457,1015786791,0.8935204744338989,18,1,1015572457/0.jpg,1015786791/1.jpg
1014696737,1015597452,0.8933760523796082,18,1,1014696737/1.jpg,1015597452/1.jpg
696599208,760818209,0.8917608857154846,18,1,696599208/1.jpg,760818209/2.jpg
1015885676,1015886786,0.8907901644706726,18,1,1015885676/0.jpg,1015886786/1.jpg
1005300712,1014736148,0.8905782699584961,18,1,1005300712/0.jpg,1014736148/0.jpg
1014843799,1015872409,0.890569806098938,18,1,1014843799/0.jpg,1015872409/1.jpg
1015807119,697669713,0.8900547027587891,18,1,1015807119/1.jpg,697669713/3.jpg
1015807123,697669713,0.8900547027587891,18,1,1015807119/1.jpg,697669713/3.jpg
1009938461,1015873802,0.8897242546081543,18,1,1009938461/1.jpg,1015873802/2.jpg
1015707116,1015800671,0.8894795179367065,18,1,1015707116/3.jpg,1015800671/3.jpg
1015791492,686329196,0.8887863159179688,18,1,1015791492/3.jpg,686329196/2.jpg
1003789191,1015893251,0.8884683847427368,18,1,1003789191/3.jpg,1015893251/2.jpg
1010323244,1013670076,0.8884525299072266,18,1,1010323244/2.jpg,1013670076/3.jpg
1015043585,1015100404,0.8881510496139526,18,1,1015043585/1.jpg,1015100404/0.jpg
1015553725,1015797221,0.8873960971832275,18,1,1015553725/2.jpg,1015797221/2.jpg
1008289448,1015179507,0.8870996832847595,18,1,1008289448/3.jpg,1015179507/0.jpg
1014615062,1015781824,0.8866785764694214,18,1,1014615062/2.jpg,1015781824/2.jpg
1015272979,1015370398,0.8865182995796204,18,1,1015272979/2.jpg,1015370398/3.jpg
1012199675,1015850927,0.8863871097564697,18,1,1012199675/0.jpg,1015850927/2.jpg
1015097108,1015718986,0.8863364458084106,18,1,1015097108/1.jpg,1015718986/0.jpg
1015681737,1015753344,0.8862320184707642,18,1,1015681737/2.jpg,1015753344/3.jpg
1015517268,1015882427,0.886220395565033,18,1,1015517268/0.jpg,1015882427/0.jpg
1015502555,1015759209,0.8861117362976074,18,1,1015502555/0.jpg,1015759209/3.jpg
1015201810,1015923922,0.8855435252189636,18,1,1015201810/0.jpg,1015923922/1.jpg
1015890879,1015894354,0.8852745294570923,18,1,1015890879/2.jpg,1015894354/3.jpg
1014760474,1015336209,0.8852645754814148,18,1,1014760474/3.jpg,1015336209/0.jpg
1012933100,1015812569,0.8852301239967346,18,1,1012933100/3.jpg,1015812569/2.jpg
1014824637,1015818156,0.8852270245552063,18,1,1014824637/2.jpg,1015818156/2.jpg
1014105861,1015731640,0.8849765062332153,18,1,1014105861/0.jpg,1015731640/3.jpg
1015520867,675479083,0.8843873143196106,18,1,1015520867/3.jpg,675479083/0.jpg
1015343052,1015875856,0.8840963840484619,18,1,1015343052/1.jpg,1015875856/2.jpg
1012087570,1015303857,0.8839859962463379,18,1,1012087570/2.jpg,1015303857/2.jpg
1015232622,685923689,0.8839221596717834,18,1,1015232622/1.jpg,685923689/2.jpg
1015367320,1015903519,0.8836590051651001,18,1,1015367320/1.jpg,1015903519/2.jpg
1012150067,1015459144,0.8832074403762817,18,1,1012150067/3.jpg,1015459144/1.jpg
1008363080,1014933232,0.8831535577774048,18,1,1008363080/1.jpg,1014933232/2.jpg
1008631526,690554200,0.8829744458198547,18,1,1008631526/1.jpg,690554200/3.jpg
1013440944,695872278,0.8822460174560547,18,1,1013440944/1.jpg,695872278/0.jpg
1014824637,1015111159,0.8819999694824219,18,1,1014824637/2.jpg,1015111159/2.jpg
1015239270,1015885751,0.8814858198165894,18,1,1015239270/1.jpg,1015885751/2.jpg
1015865256,1015905598,0.8814494609832764,18,1,1015865256/3.jpg,1015905598/2.jpg
1013525656,1015859901,0.880980908870697,18,1,1013525656/3.jpg,1015859901/3.jpg
1015817210,1015892017,0.8809580206871033,18,1,1015817210/2.jpg,1015892017/2.jpg
1012493911,1015415687,0.8809020519256592,18,1,1012493911/1.jpg,1015415687/3.jpg
1015887819,697601482,0.8804851770401001,18,1,1015887819/2.jpg,697601482/0.jpg
1010365633,1015277627,0.8803232312202454,18,1,1010365633/1.jpg,1015277627/3.jpg
1015851290,761291812,0.8803198337554932,18,1,1015851290/3.jpg,761291812/0.jpg
